"id","Slot","User","Timestamp","Number.of.Functions","Number.of.Types","Number.of.Comments","Error"
9442,1103,9556,159050071581,1,1,0,"NAMING ERROR"
9443,1103,9556,159050100969,1,0,0,"UNFINISHED PARENTHESES"
9444,1103,9556,159050152331,2,1,0,"NAMING ERROR"
9445,1103,9556,159050222856,1,2,0,""
9446,1103,9556,159050236833,1,0,0,""
227,1102,11057,159062404442,1,1,0,""
228,1102,11057,159062482619,2,1,0,""
229,1102,11057,159062483565,2,1,0,""
230,1102,11057,159062484229,2,0,0,""
231,1102,11057,159062487452,2,1,0,""
232,1102,11057,159062492626,2,2,0,""
233,1102,11057,159062509844,2,0,0,""
12580,1102,5114,159062941557,1,0,0,""
12581,1102,5114,159062994701,1,0,0,""
12582,1102,5114,159063004787,1,1,0,""
12583,1102,5114,159063006308,1,0,0,""
12584,1102,5114,159063058584,1,1,0,""
12585,1102,5114,159063068692,1,2,0,""
12586,1102,5114,159063085768,1,0,0,""
12587,1102,5114,159063108148,1,1,0,""
234,1102,11057,159063120622,1,1,0,""
235,1102,11057,159063125800,1,1,0,""
12588,1102,5114,159063127107,1,1,0,""
12589,1102,5114,159063133706,1,0,0,""
12590,1102,5114,159063140317,1,0,0,""
236,1102,11057,159063155700,1,2,0,""
12591,1102,5114,159063165011,1,2,0,""
237,1102,11057,159063167315,2,2,0,"UNSAFE PATTERN"
12592,1102,5114,159063168602,1,2,0,""
12593,1102,5114,159063178251,1,0,0,""
238,1102,11057,159063182152,3,1,0,""
239,1102,11057,159063187023,3,1,0,""
12594,1102,5114,159063192498,1,2,0,""
240,1102,11057,159063198780,3,2,0,""
241,1102,11057,159063207320,3,0,0,""
12595,1102,5114,159063211506,1,2,0,""
242,1102,11057,159063228808,3,0,0,""
243,1102,11057,159063233165,3,0,0,""
12596,1102,5114,159063251620,1,1,0,""
12597,1102,5114,159063272874,1,0,0,""
244,1102,11057,159063274223,4,2,0,""
12598,1102,5114,159063279050,1,1,0,""
12599,1102,5114,159063281313,1,0,0,""
12600,1102,5114,159063285770,1,1,0,""
12601,1102,5114,159063297951,1,2,0,""
245,1102,11057,159063299511,4,2,0,""
246,1102,11057,159063301520,4,1,0,""
247,1102,11057,159063302626,4,2,0,""
248,1102,11057,159063306812,4,0,0,""
249,1102,11057,159063312384,4,2,0,""
250,1102,11057,159063313081,4,0,0,""
251,1102,11057,159063315323,4,0,0,""
252,1102,11057,159063318076,4,0,0,""
253,1102,11057,159063318763,4,1,0,""
254,1102,11057,159063328609,4,0,0,""
255,1102,11057,159063331981,4,2,0,""
256,1102,11057,159063339837,4,0,0,""
257,1102,11057,159063347117,4,0,0,""
258,1102,11057,159063353431,4,0,0,""
259,1102,11057,159063373375,5,1,0,""
260,1102,11057,159063383814,5,1,0,""
261,1102,11057,159063388157,5,1,0,""
262,1102,11057,159063389392,5,0,0,""
263,1102,11057,159063393898,5,0,0,""
264,1102,11057,159063395038,5,2,0,""
265,1102,11057,159063396227,5,0,0,""
266,1102,11057,159063406449,5,1,0,""
267,1102,11057,159063408503,5,2,0,""
268,1102,11057,159063450013,6,0,0,""
269,1102,11057,159063477979,6,1,0,""
270,1102,11057,159063481032,6,0,0,""
271,1102,11057,159063513608,7,1,0,""
272,1102,11057,159063520960,7,1,0,""
9374,1103,5114,159063524993,1,0,0,""
9375,1103,5114,159063528692,1,2,0,""
9376,1103,5114,159063529819,1,0,0,""
9377,1103,5114,159063530435,1,1,0,""
9378,1103,5114,159063533220,1,0,0,""
273,1102,11057,159063535575,7,0,0,""
9379,1103,5114,159063558434,1,0,0,""
274,1102,11057,159063561381,8,0,0,""
275,1102,11057,159063571122,8,1,0,""
276,1102,11057,159063576351,8,0,0,""
9380,1103,5114,159063582514,1,0,0,""
9381,1103,5114,159063592233,1,0,0,""
9382,1103,5114,159063595852,1,1,0,""
9383,1103,5114,159063600649,1,0,0,""
9384,1103,5114,159063615186,1,0,0,""
9385,1103,5114,159063622625,1,2,0,""
9386,1103,5114,159063629708,1,2,0,""
9387,1103,5114,159063640845,1,2,0,""
9388,1103,5114,159063651408,1,1,0,"NAMING ERROR"
9389,1103,5114,159063656634,1,2,0,""
9390,1103,5114,159063679096,1,2,0,""
9391,1103,5114,159063681440,1,0,0,""
9392,1103,5114,159063686433,1,1,0,""
9393,1103,5114,159063704331,1,0,0,""
277,1102,11057,159063710351,9,2,0,""
9394,1103,5114,159063716190,1,0,0,""
278,1102,11057,159063719530,9,0,0,""
279,1102,11057,159063722931,9,0,0,""
280,1102,11057,159063748928,9,0,0,""
8460,1104,5114,159063753871,1,0,0,""
281,1102,11057,159063762772,9,1,0,""
282,1102,11057,159063777689,9,0,0,""
283,1102,11057,159063792766,9,1,0,""
284,1102,11057,159063799106,9,2,0,""
285,1102,11057,159063801698,9,1,0,""
12688,1102,9556,159082320040,2,2,0,"NO TABS"
12689,1102,9556,159082711692,1,1,0,"UNFINISHED LIST"
9447,1103,9556,159093163400,1,0,0,"UNEXPECTED SQUARE BRACKET"
9448,1103,9556,159093256233,1,0,0,""
36225,1100,10943,159101467840,1,2,0,""
36226,1100,10943,159101628645,1,0,0,""
36227,1100,10943,159101739301,2,1,0,""
36228,1100,10943,159101770927,2,1,0,""
36229,1100,10943,159101780313,2,1,0,""
36230,1100,10943,159101791686,1,1,0,""
36231,1100,10943,159101813630,1,0,0,""
36232,1100,10943,159101877049,2,0,0,""
36233,1100,10943,159101966892,2,2,7,""
699,1100,11081,159105635324,1,1,0,""
700,1100,11081,159105638720,1,0,0,"UNFINISHED LIST"
662,1100,11079,159105663044,1,0,0,""
701,1100,11081,159105682618,1,1,0,""
774,1100,11085,159105682634,1,1,0,""
663,1100,11079,159105685147,1,2,0,""
702,1100,11081,159105709871,1,1,0,""
703,1100,11081,159105716331,1,1,0,""
664,1100,11079,159105718338,1,0,0,""
665,1100,11079,159105719303,1,1,0,""
666,1100,11079,159105731124,1,2,0,""
704,1100,11081,159105735282,1,1,0,""
705,1100,11081,159105738190,1,0,0,""
706,1100,11081,159105744834,1,0,0,""
667,1100,11079,159105748586,1,2,0,""
668,1100,11079,159105749729,1,0,0,""
669,1100,11079,159105769134,1,2,0,""
670,1100,11079,159105769764,1,1,0,""
707,1100,11081,159105783227,1,1,0,""
671,1100,11079,159105797765,1,1,0,"UNFINISHED LIST"
708,1100,11081,159105811205,1,1,0,""
672,1100,11079,159105813772,1,0,0,"UNFINISHED LIST"
673,1100,11079,159105895410,1,2,0,""
709,1100,11081,159105918994,1,1,0,""
710,1100,11081,159105981202,1,2,0,""
20640,1101,10943,159106032785,1,1,0,""
711,1100,11081,159106037600,1,2,0,""
712,1100,11081,159106055072,1,2,0,""
713,1100,11081,159106123359,1,0,0,""
714,1100,11081,159106139791,1,1,0,""
715,1100,11081,159106140636,1,2,0,""
716,1100,11081,159106154983,1,2,0,""
717,1100,11081,159106159324,1,0,0,""
718,1100,11081,159106221507,1,1,0,""
719,1100,11081,159106237412,1,1,0,""
720,1100,11081,159106247896,1,1,0,""
721,1100,11081,159106342054,1,1,0,""
722,1100,11081,159106363761,10,0,0,"UNEXPECTED EQUALS"
20641,1101,10943,159106397961,2,0,0,""
20642,1101,10943,159106400752,2,1,0,""
20643,1101,10943,159106404181,2,2,0,""
20644,1101,10943,159106435000,2,0,7,""
20645,1101,10943,159106455085,1,2,0,""
756,1100,11083,159106627837,1,0,0,""
318,1102,11083,159106629243,1,1,0,""
319,1102,11083,159106653200,1,2,0,""
320,1102,11083,159106654703,1,1,0,""
321,1102,11083,159106656114,1,1,0,""
20646,1101,10943,159106948239,1,2,0,""
20647,1101,10943,159107642786,1,0,0,""
20648,1101,10943,159107651436,2,1,0,""
20649,1101,10943,159107711948,2,2,6,""
757,1100,11083,159114202274,0,0,7,"NAMING ERROR"
723,1100,11081,159114266248,1,1,0,""
724,1100,11081,159114266943,1,0,0,""
725,1100,11081,159114295140,2,0,0,"UNFINISHED DEFINITION"
674,1100,11079,159114341532,1,0,0,"UNEXPECTED EQUALS"
675,1100,11079,159114344397,1,0,0,"UNEXPECTED EQUALS"
676,1100,11079,159114369646,1,1,0,"UNEXPECTED EQUALS"
677,1100,11079,159114374094,1,2,0,"UNEXPECTED EQUALS"
12701,1102,10943,159114406341,1,2,0,""
12702,1102,10943,159114407583,1,1,0,""
678,1100,11079,159114412219,1,2,0,"UNEXPECTED EQUALS"
726,1100,11081,159114412813,2,0,0,""
12703,1102,10943,159114417672,2,1,0,""
727,1100,11081,159114417704,2,2,0,""
728,1100,11081,159114428404,2,0,0,""
729,1100,11081,159114430652,2,1,1,""
730,1100,11081,159114435705,2,0,4,""
731,1100,11081,159114436894,2,0,4,""
679,1100,11079,159114437747,1,1,0,""
732,1100,11081,159114442381,2,1,4,""
733,1100,11081,159114452911,2,0,4,""
734,1100,11081,159114460884,2,2,4,""
12704,1102,10943,159114473541,2,1,0,""
680,1100,11079,159114486241,1,1,0,""
12705,1102,10943,159114486947,2,2,0,""
12706,1102,10943,159114488436,2,2,0,""
681,1100,11079,159114489287,1,1,0,""
735,1100,11081,159114493911,3,1,4,"NAMING ERROR"
12707,1102,10943,159114522753,2,0,0,""
12708,1102,10943,159114523341,2,0,0,""
682,1100,11079,159114524944,1,1,0,"UNFINISHED PARENTHESES"
12709,1102,10943,159114526054,2,2,0,""
683,1100,11079,159114526096,1,1,0,""
684,1100,11079,159114531094,1,1,0,""
736,1100,11081,159114546554,2,0,5,""
737,1100,11081,159114562199,2,1,5,""
738,1100,11081,159114563982,2,1,5,""
739,1100,11081,159114581641,2,2,8,""
740,1100,11081,159114589877,2,2,7,""
685,1100,11079,159114597589,1,2,0,"UNEXPECTED EQUALS"
741,1100,11081,159114608996,2,2,9,""
12710,1102,10943,159114626925,2,2,11,""
686,1100,11079,159114628182,1,0,0,"TYPE MISMATCH"
322,1102,11083,159114641459,1,1,0,""
12711,1102,10943,159114644263,2,1,10,""
12712,1102,10943,159114657240,2,0,10,"NAMING ERROR"
12713,1102,10943,159114660351,2,2,10,""
687,1100,11079,159114674539,1,0,0,""
688,1100,11079,159114675420,1,1,0,""
12714,1102,10943,159114679473,3,2,10,""
742,1100,11081,159114693755,2,1,9,""
12715,1102,10943,159114702097,3,0,10,"TYPE MISMATCH"
689,1100,11079,159114707561,1,0,0,""
690,1100,11079,159114709245,1,1,0,""
691,1100,11079,159114716238,1,1,0,""
692,1100,11079,159114719086,1,1,0,""
12716,1102,10943,159114725144,3,1,10,""
693,1100,11079,159114728993,1,0,0,""
743,1100,11081,159114731154,3,1,11,""
694,1100,11079,159114732301,1,2,0,""
695,1100,11079,159114732961,1,1,0,""
696,1100,11079,159114741138,1,1,0,""
697,1100,11079,159114742028,1,0,0,""
744,1100,11081,159114750420,3,2,11,""
745,1100,11081,159114753914,3,1,11,""
698,1100,11079,159114754781,1,2,0,""
12717,1102,10943,159114798954,3,2,10,"UNFINISHED DEFINITION"
12718,1102,10943,159114858123,3,0,10,""
746,1100,11081,159114892282,3,1,11,""
747,1100,11081,159114895902,3,1,11,""
748,1100,11081,159114900098,3,1,11,""
749,1100,11081,159114905976,3,0,11,""
750,1100,11081,159114914402,3,2,11,""
751,1100,11081,159114915477,3,1,11,""
752,1100,11081,159114931827,3,0,11,""
753,1100,11081,159114937054,2,0,11,""
20650,1101,10943,159115021894,1,2,0,""
660,1101,11081,159115056585,1,0,0,""
661,1101,11081,159115065385,1,2,0,""
662,1101,11081,159115072279,1,2,0,""
663,1101,11081,159115077655,1,1,0,""
664,1101,11081,159115088067,1,1,0,""
665,1101,11081,159115096862,1,1,0,""
666,1101,11081,159115108041,1,0,3,""
667,1101,11081,159115117094,1,1,3,""
668,1101,11081,159115119062,1,0,3,""
669,1101,11081,159115174296,1,1,3,""
670,1101,11081,159115211326,1,0,3,""
671,1101,11081,159115251587,1,1,3,""
672,1101,11081,159115275683,1,1,3,""
20651,1101,10943,159115497120,1,1,0,""
673,1101,11081,159115605248,1,2,3,""
674,1101,11081,159115613743,1,0,3,""
675,1101,11081,159116559881,1,2,3,""
20652,1101,10943,159116645100,1,1,0,""
20653,1101,10943,159116656134,1,1,0,""
20654,1101,10943,159116811624,1,1,0,""
20655,1101,10943,159116856443,1,1,0,""
20656,1101,10943,159116894837,1,0,0,""
36234,1100,10943,159124650237,2,1,7,""
36235,1100,10943,159125731673,2,0,7,""
20657,1101,10943,159125741540,1,1,0,""
20658,1101,10943,159125745222,1,1,0,""
20659,1101,10943,159125774886,1,0,0,""
20660,1101,10943,159125776249,1,1,0,""
20661,1101,10943,159125778586,1,0,0,""
20662,1101,10943,159125780362,1,1,0,""
20663,1101,10943,159125789401,1,2,0,""
20664,1101,10943,159125790043,1,1,0,""
20665,1101,10943,159125791955,1,0,0,""
20666,1101,10943,159125793617,1,1,0,""
20667,1101,10943,159125795708,1,2,0,""
20668,1101,10943,159125807212,1,1,0,""
20669,1101,10943,159125823409,1,0,0,""
20670,1101,10943,159125827864,2,1,0,""
20671,1101,10943,159125836926,2,1,0,"UNFINISHED LIST"
20672,1101,10943,159125842993,2,2,0,""
20673,1101,10943,159125851402,2,0,0,""
20674,1101,10943,159125857845,2,0,0,""
20675,1101,10943,159125874500,2,2,0,""
20676,1101,10943,159125887637,2,1,0,""
20677,1101,10943,159125890336,2,2,0,""
20678,1101,10943,159125891165,2,2,0,""
20679,1101,10943,159125891525,2,1,0,""
20680,1101,10943,159125897138,2,0,0,""
20681,1101,10943,159125904929,3,1,0,""
20682,1101,10943,159125909071,3,2,0,""
20683,1101,10943,159125921228,3,2,0,""
20684,1101,10943,159125923801,3,1,0,""
20685,1101,10943,159125924432,3,2,0,""
20686,1101,10943,159125927803,3,2,0,""
20687,1101,10943,159125930960,3,0,0,""
20688,1101,10943,159125951783,4,1,0,""
20689,1101,10943,159125955676,4,2,0,""
20690,1101,10943,159125958008,4,0,0,""
20691,1101,10943,159125959735,4,0,0,""
20692,1101,10943,159125981643,4,1,0,""
20693,1101,10943,159125984618,4,2,0,""
20694,1101,10943,159125990763,4,2,0,""
20695,1101,10943,159125993392,4,2,0,""
20696,1101,10943,159125996273,4,0,0,""
20697,1101,10943,159126005079,4,1,0,""
20698,1101,10943,159126024939,4,2,0,""
20699,1101,10943,159126038009,4,2,0,""
20700,1101,10943,159126047728,4,2,0,""
20701,1101,10943,159126050164,4,1,0,""
20702,1101,10943,159126050714,4,2,0,""
20703,1101,10943,159126058803,4,2,0,""
20704,1101,10943,159126098990,4,0,0,""
20705,1101,10943,159126114380,4,1,0,""
20706,1101,10943,159126120686,4,1,0,""
20707,1101,10943,159126133415,5,1,0,""
20708,1101,10943,159126146064,5,2,0,""
9494,1103,10943,159126259114,2,0,0,""
9495,1103,10943,159126262404,2,2,0,""
9496,1103,10943,159126273161,2,0,0,""
9497,1103,10943,159126274733,2,0,0,""
9498,1103,10943,159126289152,2,2,0,""
9499,1103,10943,159126293175,2,1,0,""
9500,1103,10943,159126300141,2,2,0,""
9501,1103,10943,159126318985,2,2,0,""
9502,1103,10943,159126325765,2,0,0,""
9503,1103,10943,159126337296,2,1,0,""
9504,1103,10943,159126360847,2,0,0,""
9505,1103,10943,159126378561,2,1,0,""
9506,1103,10943,159126379542,2,1,0,""
9507,1103,10943,159126382759,2,0,0,""
9508,1103,10943,159126395932,2,0,0,""
9509,1103,10943,159126404303,2,2,0,""
9510,1103,10943,159126428701,2,1,0,""
9511,1103,10943,159126432552,2,0,0,""
9512,1103,10943,159126483196,1,0,1,""
9513,1103,10943,159126488514,1,2,1,""
9514,1103,10943,159126490962,1,1,1,""
9515,1103,10943,159126504496,1,1,1,""
9516,1103,10943,159126506099,1,0,1,""
9517,1103,10943,159126508832,1,2,1,""
9518,1103,10943,159126511474,1,0,1,""
9519,1103,10943,159126552148,1,0,1,""
9520,1103,10943,159126575901,1,0,3,""
9521,1103,10943,159126607244,1,2,3,""
9522,1103,10943,159126704277,1,1,3,""
36236,1100,10943,159126712457,2,2,7,""
9523,1103,10943,159126990214,1,0,3,""
12719,1102,10943,159126993176,3,2,10,""
20709,1101,10943,159127010120,5,1,0,""
20710,1101,10943,159127018523,5,0,0,"TYPE MISMATCH"
9524,1103,10943,159128176440,1,1,3,""
9525,1103,10943,159131991250,1,1,3,""
8531,1104,10943,159132939410,1,1,0,""
8532,1104,10943,159132948975,1,0,0,""
8533,1104,10943,159132951397,1,0,0,"TYPE MISMATCH"
8534,1104,10943,159132951882,1,1,0,"TYPE MISMATCH"
8535,1104,10943,159132961357,1,0,0,""
8536,1104,10943,159133037948,1,1,1,""
9526,1103,10943,159133040505,1,2,3,""
9527,1103,10943,159133354745,1,1,3,""
20711,1101,10943,159135395551,5,2,0,""
20712,1101,10943,159135413856,5,2,0,""
20713,1101,10943,159135419375,5,0,0,""
20714,1101,10943,159135426137,5,2,0,""
20715,1101,10943,159135428710,5,2,0,""
20716,1101,10943,159135429071,5,2,0,""
20717,1101,10943,159135432212,5,2,0,""
20718,1101,10943,159135434988,5,0,0,""
20719,1101,10943,159135450084,4,1,0,""
20720,1101,10943,159135457914,4,1,0,""
20721,1101,10943,159135467566,4,1,0,""
20722,1101,10943,159135472521,4,0,0,""
9528,1103,10943,159135561616,1,2,3,""
36176,1100,9556,159140870013,1,0,0,""
36177,1100,9556,159140883922,1,0,0,""
36178,1100,9556,159140885658,1,0,0,""
36179,1100,9556,159140887629,1,0,0,""
36180,1100,9556,159140888489,1,0,0,""
36181,1100,9556,159141002097,2,1,0,""
36182,1100,9556,159141159573,2,1,0,""
36183,1100,9556,159141160026,2,1,0,""
36184,1100,9556,159141162702,2,0,0,""
36185,1100,9556,159141253133,2,0,1,"UNFINISHED DEFINITION"
20585,1101,9556,159141345116,1,2,0,""
36224,1100,10681,159143690678,1,1,0,""
36237,1100,10943,159145224552,2,0,7,""
36238,1100,10943,159145312138,2,2,7,""
36239,1100,10943,159145351872,2,2,7,""
36240,1100,10943,159145399578,1,2,7,""
676,1101,11081,159149702233,1,1,4,""
677,1101,11081,159149710344,1,1,4,""
678,1101,11081,159149720894,1,0,5,""
679,1101,11081,159149724034,1,0,5,""
680,1101,11081,159149733181,1,0,5,""
681,1101,11081,159149914102,1,2,7,""
682,1101,11081,159149920148,1,0,11,""
683,1101,11081,159149957488,1,1,13,""
684,1101,11081,159149960240,1,2,13,""
685,1101,11081,159149966286,1,1,13,""
686,1101,11081,159149981214,1,1,13,""
687,1101,11081,159150149147,1,1,13,""
688,1101,11081,159150158614,1,0,13,""
689,1101,11081,159150194368,1,2,14,""
690,1101,11081,159150225771,1,0,16,""
691,1101,11081,159150251618,1,1,14,""
692,1101,11081,159150258529,1,2,15,""
693,1101,11081,159150272611,1,0,13,""
694,1101,11081,159150282975,1,2,13,""
695,1101,11081,159150365712,1,2,14,""
36186,1100,9556,159150910456,2,0,0,""
36187,1100,9556,159150911997,2,1,0,""
36188,1100,9556,159150964878,2,1,0,""
36189,1100,9556,159150997007,2,2,3,"UNFINISHED LIST"
36241,1100,10943,159157985428,1,2,7,""
12720,1102,10943,159158002972,3,0,10,""
696,1101,11081,159158395818,1,0,15,""
286,1102,11081,159158606440,1,0,0,""
287,1102,11081,159158613408,1,0,0,"TYPE MISMATCH"
288,1102,11081,159158614413,1,2,0,""
289,1102,11081,159158623923,1,1,0,""
290,1102,11081,159158627547,1,2,0,""
291,1102,11081,159158630808,1,1,0,""
292,1102,11081,159158653961,1,1,0,"TYPE MISMATCH"
293,1102,11081,159158669494,1,0,0,""
294,1102,11081,159158672397,1,2,0,""
295,1102,11081,159158692600,1,2,0,""
296,1102,11081,159158758079,1,1,0,"NAMING ERROR"
297,1102,11081,159158760318,1,2,0,"UNEXPECTED EQUALS"
298,1102,11081,159158790549,3,0,0,"ENDLESS STRING"
299,1102,11081,159158799947,3,2,0,""
300,1102,11081,159158813127,3,0,0,""
301,1102,11081,159158814856,3,0,0,""
302,1102,11081,159158817347,3,1,0,""
303,1102,11081,159158835331,3,0,0,""
304,1102,11081,159158842597,3,1,0,""
305,1102,11081,159158850790,3,1,3,""
306,1102,11081,159158898051,3,0,3,""
307,1102,11081,159158906858,3,0,3,""
308,1102,11081,159159008458,3,0,3,"TYPE MISMATCH"
309,1102,11081,159159011750,3,1,3,""
310,1102,11081,159159071521,3,2,6,""
311,1102,11081,159159080310,3,1,6,""
636,1100,11057,159159782359,1,0,0,""
36242,1100,10943,159162108339,2,1,0,"NAME CLASH"
36243,1100,10943,159162305933,1,2,0,""
36244,1100,10943,159162307313,1,2,0,""
20723,1101,10943,159162310469,4,2,0,""
8537,1104,10943,159162312368,1,0,1,""
36245,1100,10943,159167174038,2,1,0,""
36246,1100,10943,159167179529,2,0,0,""
36247,1100,10943,159167180945,2,0,0,""
36248,1100,10943,159168036165,2,1,8,""
36249,1100,10943,159168179945,2,1,8,""
36250,1100,10943,159168236803,2,2,8,"TYPE MISMATCH"
637,1100,11057,159168324766,1,1,0,""
638,1100,11057,159168338949,1,1,0,""
639,1100,11057,159168342184,1,2,0,""
36251,1100,10943,159168368164,2,2,8,""
9529,1103,10943,159168536912,1,1,3,""
9530,1103,10943,159170750897,1,0,3,""
36190,1100,9556,159176898245,1,2,2,""
36191,1100,9556,159176900461,1,2,2,""
36192,1100,9556,159176909483,1,1,2,"TYPE MISMATCH"
36193,1100,9556,159176962927,1,1,2,""
36194,1100,9556,159176987953,1,1,2,"TYPE MISMATCH"
36195,1100,9556,159176993350,1,1,2,""
36196,1100,9556,159176995868,1,2,2,""
36252,1100,10943,159211076042,2,2,0,""
36253,1100,10943,159211129962,2,1,0,""
36254,1100,10943,159211133288,2,2,0,""
35869,1100,8762,159211278368,2,2,0,""
35870,1100,8762,159211306249,3,2,0,""
35871,1100,8762,159211323368,3,2,0,"UNEXPECTED COMMA"
35872,1100,8762,159211324972,3,0,0,""
35873,1100,8762,159211343638,5,1,0,"UNFINISHED LIST"
35874,1100,8762,159211380677,3,2,0,""
35875,1100,8762,159211389024,3,1,1,""
9402,1103,8762,159219797185,1,0,0,""
9403,1103,8762,159219804935,1,1,0,""
9404,1103,8762,159219817285,1,0,0,""
9405,1103,8762,159219818503,1,1,0,""
9406,1103,8762,159219852094,3,1,0,"NAMING ERROR"
8479,1104,8762,159219894002,3,0,0,"NAMING ERROR"
8480,1104,8762,159219942920,2,1,0,"UNEXPECTED SQUARE BRACKET"
8481,1104,8762,159219948572,2,0,0,""
8482,1104,8762,159219949214,2,1,0,""
8483,1104,8762,159219987629,2,2,0,"TYPE MISMATCH"
8484,1104,8762,159219989276,2,0,0,""
8485,1104,8762,159220024974,2,2,0,""
8486,1104,8762,159220046091,2,1,0,""
8487,1104,8762,159220082897,2,1,0,""
8488,1104,8762,159220117495,2,2,1,""
8489,1104,8762,159220118824,2,1,1,""
8490,1104,8762,159220119807,2,0,1,""
8491,1104,8762,159220121430,2,2,1,""
8492,1104,8762,159220125465,2,1,1,""
8493,1104,8762,159220126796,2,2,1,""
8494,1104,8762,159220127936,2,0,1,""
8495,1104,8762,159220141446,2,0,1,""
8496,1104,8762,159220170123,2,0,1,""
8497,1104,8762,159220171039,2,0,1,"EXPECTING RECORD ACCESSOR"
8498,1104,8762,159220189405,2,0,1,""
36255,1100,10943,159222347963,2,2,7,""
36256,1100,10943,159222348589,2,2,7,""
758,1100,11083,159227072416,0,1,0,""
298,1104,11083,159227291811,19,1,55,"UNEXPECTED SYMBOL"
8461,1104,5655,159227518147,1,1,0,""
8462,1104,5655,159227551712,1,0,0,""
8499,1104,8762,159228299841,2,0,1,""
8500,1104,8762,159228403803,2,2,1,""
8501,1104,8762,159228449145,2,0,1,""
36197,1100,9556,159229201567,1,0,2,""
36198,1100,9556,159229205002,1,0,2,""
759,1100,11083,159234436017,0,1,0,""
697,1101,11083,159234455252,1,1,0,""
299,1104,11083,159234460624,18,0,55,"UNFINISHED LIST"
300,1104,11083,159234481978,1,1,0,""
35830,1100,3461,159235268977,1,0,0,""
35834,1100,3474,159235338805,1,1,0,"UNFINISHED LIST"
20496,1101,3461,159235775698,1,2,0,""
36257,1100,10943,159235777589,2,2,8,""
36258,1100,10943,159235801699,2,1,8,""
20497,1101,3461,159235836736,2,0,0,"TOO MANY ARGS"
35838,1100,5671,159236344906,1,1,0,"TOO MANY ARGS"
35839,1100,5671,159236347677,1,2,0,"TOO MANY ARGS"
35840,1100,5671,159236429331,1,0,0,""
35841,1100,5671,159236517108,2,0,0,"UNEXPECTED CAPITAL LETTER"
35842,1100,5671,159236540514,2,0,0,"UNFINISHED LIST"
35843,1100,5671,159236595762,2,2,0,""
35844,1100,5671,159236597838,2,0,0,""
35845,1100,5671,159236607422,2,1,0,""
35846,1100,5671,159236642051,2,1,0,""
20586,1101,9556,159236646571,3,0,2,""
35847,1100,5671,159236653086,2,1,0,""
20587,1101,9556,159236658878,3,1,2,""
35848,1100,5671,159236666451,2,1,0,""
35849,1100,5671,159236670711,2,0,0,""
35850,1100,5671,159236687353,2,2,0,""
12690,1102,9556,159236702047,1,1,0,""
9449,1103,9556,159236745654,1,0,0,""
9450,1103,9556,159236752066,1,2,0,""
35851,1100,5671,159236761767,2,2,0,"TYPE MISMATCH"
9451,1103,9556,159236763707,1,1,0,""
35852,1100,5671,159236770673,2,1,0,""
35853,1100,5671,159236777297,2,2,0,""
36259,1100,10943,159236880271,2,1,8,""
8502,1104,8762,159239043251,2,2,1,""
36260,1100,10943,159261134696,1,1,0,""
36261,1100,10943,159261400014,2,1,6,""
35854,1100,5672,159278435943,1,2,0,""
12563,1102,3461,159278490811,1,1,0,""
12564,1102,3461,159278494971,1,1,0,"MISSING EXPRESSION"
9367,1103,3461,159278683328,4,2,1,"MISSING EXPRESSION"
9368,1103,3461,159278691476,4,1,1,""
35831,1100,3461,159278694909,1,2,0,""
9369,1103,3461,159278800372,4,0,1,""
9370,1103,3461,159279066491,4,1,1,""
312,1102,11081,159279473325,3,1,3,""
313,1102,11081,159279507386,3,0,3,""
314,1102,11081,159279508198,3,1,3,""
315,1102,11081,159279509887,3,2,3,""
316,1102,11081,159279513932,3,1,3,""
317,1102,11081,159279514445,3,2,3,""
8458,1104,3461,159279865627,5,1,1,""
8459,1104,3461,159279893556,5,2,1,""
9371,1103,3461,159280938793,4,0,1,""
35855,1100,8675,159287121244,2,0,0,""
35856,1100,8675,159287122348,2,1,0,""
35857,1100,8675,159287137734,2,2,0,"TYPE MISMATCH"
698,1101,11083,159287138591,1,0,0,"UNFINISHED LIST"
215,1103,11081,159287209595,8,2,3,"UNEXPECTED CAPITAL LETTER"
216,1103,11081,159287221719,8,2,3,"UNFINISHED LIST"
35858,1100,8675,159287234306,5,1,1,""
217,1103,11081,159287251873,2,1,0,"TYPE MISMATCH"
218,1103,11081,159287264771,2,0,0,""
760,1100,11083,159287280513,0,0,0,""
699,1101,11083,159287281114,2,2,0,""
700,1101,11083,159287289414,5,0,2,""
219,1103,11081,159287292148,2,1,0,"TYPE MISMATCH"
701,1101,11083,159287294764,5,1,2,""
702,1101,11083,159287338845,5,1,2,"UNFINISHED PARENTHESES"
220,1103,11081,159287350105,2,2,0,""
221,1103,11081,159287374561,2,0,0,""
703,1101,11083,159287395395,5,0,2,""
222,1103,11081,159287396920,2,1,0,""
704,1101,11083,159287409522,5,2,2,""
223,1103,11081,159287421549,2,2,0,""
705,1101,11083,159287429236,5,1,2,""
224,1103,11081,159287470131,2,1,0,""
225,1103,11081,159287502687,2,0,0,""
226,1103,11081,159287515460,2,0,0,""
227,1103,11081,159287516228,2,1,0,""
301,1104,11083,159287523988,1,2,0,"TOO MANY ARGS"
228,1103,11081,159287524727,2,1,0,""
229,1103,11081,159287527032,2,2,0,""
230,1103,11081,159287528715,2,1,0,""
35859,1100,8675,159287537873,5,0,1,""
231,1103,11081,159287538998,2,2,0,""
35860,1100,8675,159287539205,5,1,1,""
302,1104,11083,159287551897,1,0,0,""
232,1103,11081,159287553321,2,0,0,""
233,1103,11081,159287562560,2,0,0,""
234,1103,11081,159287564912,2,0,0,""
235,1103,11081,159287577898,2,2,0,""
236,1103,11081,159287598921,2,1,0,""
35861,1100,8675,159287620327,5,2,1,"NAMING ERROR"
35862,1100,8675,159287645017,5,1,1,"NAMING ERROR"
35863,1100,8675,159287663692,5,2,1,""
237,1103,11081,159287686143,3,0,0,""
238,1103,11081,159287691427,3,2,0,"UNEXPECTED COMMA"
239,1103,11081,159287719516,2,0,0,"UNFINISHED PARENTHESES"
240,1103,11081,159287720037,2,2,0,""
241,1103,11081,159288132077,2,0,0,""
242,1103,11081,159288151733,2,1,0,""
243,1103,11081,159289770515,2,1,0,""
12605,1102,5682,159295838730,1,0,0,""
12606,1102,5682,159295852178,1,1,0,""
20498,1101,3475,159295856377,1,1,0,""
20499,1101,3475,159295864977,1,0,0,""
20500,1101,3475,159295867100,1,2,0,""
20501,1101,3475,159295878908,1,0,0,""
12607,1102,5682,159295896615,1,1,0,""
20502,1101,3475,159295896826,1,0,0,""
20503,1101,3475,159295904326,1,0,0,""
9452,1103,9556,159295947052,1,1,0,""
9453,1103,9556,159295957761,1,0,0,""
36199,1100,9556,159296100615,3,1,3,""
20588,1101,9556,159296122229,1,2,0,""
12608,1102,5682,159296127476,2,2,0,"NAMING ERROR"
20589,1101,9556,159296138040,1,2,0,""
20590,1101,9556,159296152561,1,1,0,""
20591,1101,9556,159296165501,1,1,0,""
20592,1101,9556,159296174982,1,0,0,""
20593,1101,9556,159296179685,1,0,0,""
12691,1102,9556,159296188344,1,2,0,""
12609,1102,5682,159296238748,2,0,0,"NAMING ERROR"
20524,1101,5662,159296246704,1,2,0,""
9454,1103,9556,159296278371,2,0,0,""
9455,1103,9556,159296296680,2,1,3,""
9456,1103,9556,159296303976,2,0,3,""
12610,1102,5682,159296305818,2,2,0,"UNFINISHED PARENTHESES"
12611,1102,5682,159296312573,2,0,0,""
12612,1102,5682,159296323967,2,2,0,"UNFINISHED LIST"
12613,1102,5682,159296346571,2,0,0,"TYPE MISMATCH"
9457,1103,9556,159296356768,1,1,0,""
12614,1102,5682,159296381669,2,2,0,""
20504,1101,3475,159296413310,2,0,0,""
20505,1101,3475,159296664769,2,0,0,""
20506,1101,3475,159296673303,2,2,0,""
20507,1101,3475,159296688275,2,1,0,""
20508,1101,3475,159296698067,2,2,0,""
20509,1101,3475,159296771292,2,1,0,""
20510,1101,3475,159296797789,2,1,0,""
20511,1101,3475,159296849048,2,1,0,""
20512,1101,3475,159296886480,3,2,0,""
20513,1101,3475,159296907488,3,0,0,"TYPE MISMATCH"
20514,1101,3475,159296976830,4,0,0,""
20515,1101,3475,159297012361,4,0,0,"TYPE MISMATCH"
20516,1101,3475,159297028164,4,2,0,"NAMING ERROR"
20517,1101,3475,159297049762,4,1,0,""
20518,1101,3475,159297082216,4,2,0,""
20519,1101,3475,159297100029,4,0,0,"UNFINISHED LIST"
20520,1101,3475,159297142519,4,0,0,""
20521,1101,3475,159297178258,4,0,0,""
35799,1100,3454,159297891762,1,0,0,""
35800,1100,3454,159297903987,1,0,0,""
35801,1100,3454,159297918510,1,0,0,""
35802,1100,3454,159297924822,1,2,0,""
35803,1100,3454,159297941012,1,1,0,"UNFINISHED PARENTHESES"
35804,1100,3454,159297951924,1,0,0,""
35805,1100,3454,159297953557,1,0,0,""
35806,1100,3454,159297954586,1,0,0,""
35807,1100,3454,159297955137,1,0,0,""
35808,1100,3454,159297955661,1,0,0,""
35809,1100,3454,159297959967,1,1,0,""
35810,1100,3454,159297971941,1,0,0,""
35811,1100,3454,159297991102,1,0,0,""
35812,1100,3454,159298002804,1,2,0,""
35813,1100,3454,159298006905,1,0,0,""
35814,1100,3454,159298007422,1,2,0,""
35815,1100,3454,159298018963,1,2,0,""
35816,1100,3454,159298031554,1,2,0,""
35817,1100,3454,159298035443,1,2,0,""
35818,1100,3454,159298050041,1,2,0,""
35819,1100,3454,159298109778,2,2,0,"UNFINISHED LIST"
35820,1100,3454,159298112088,2,2,0,""
35821,1100,3454,159298134931,2,2,0,""
35822,1100,3454,159298145457,2,0,0,""
35823,1100,3454,159298148776,2,1,0,""
35824,1100,3454,159298157134,3,0,0,"UNFINISHED LIST"
35825,1100,3454,159298180016,4,2,0,""
35826,1100,3454,159298189178,4,1,0,""
35827,1100,3454,159298217733,4,1,0,""
35828,1100,3454,159298265005,6,2,0,""
9396,1103,5682,159299853597,1,1,0,""
9397,1103,5682,159299857853,1,1,0,""
9398,1103,5682,159299862468,1,1,0,""
9399,1103,5682,159299889686,1,0,0,""
9400,1103,5682,159299890731,1,2,0,""
9401,1103,5682,159299893145,1,1,0,""
20462,1101,3454,159304385960,1,0,0,""
20463,1101,3454,159304387562,1,1,0,""
20464,1101,3454,159304399983,1,2,0,""
20465,1101,3454,159304407068,1,0,0,""
20466,1101,3454,159304407504,1,0,0,""
20467,1101,3454,159304435626,1,0,0,""
20468,1101,3454,159304485978,2,0,0,"TYPE MISMATCH"
20469,1101,3454,159304486633,2,0,0,"TYPE MISMATCH"
20470,1101,3454,159304502927,2,0,0,""
20471,1101,3454,159304509637,2,0,0,""
20472,1101,3454,159304515110,2,1,0,""
20473,1101,3454,159304528220,2,0,0,""
20474,1101,3454,159304542103,2,2,0,""
20475,1101,3454,159306207188,2,1,0,""
20476,1101,3454,159306214819,2,0,0,""
20477,1101,3454,159306223513,2,0,0,""
20478,1101,3454,159306225737,2,1,0,""
20479,1101,3454,159306226923,2,0,0,""
20480,1101,3454,159306227329,2,0,0,""
20481,1101,3454,159306227899,2,0,0,""
20482,1101,3454,159307004254,2,2,0,""
20483,1101,3454,159307006484,2,1,0,""
20484,1101,3454,159307009048,2,2,0,""
20485,1101,3454,159307009499,2,0,0,""
20486,1101,3454,159307009900,2,1,0,""
20487,1101,3454,159307012093,2,0,0,""
20488,1101,3454,159307012857,2,1,0,""
20489,1101,3454,159307015831,2,1,0,""
20490,1101,3454,159307035086,3,1,0,""
20491,1101,3454,159307041056,3,2,0,""
20492,1101,3454,159307105527,3,1,0,""
20493,1101,3454,159307110865,3,2,0,""
36200,1100,9556,159307519908,1,1,2,""
36201,1100,9556,159307556124,2,1,2,""
36202,1100,9556,159307559414,2,1,2,""
20494,1101,3454,159307700519,3,0,0,""
36203,1100,9556,159315725560,1,0,2,""
36204,1100,9556,159315819005,2,1,2,""
36205,1100,9556,159316009992,1,0,2,""
36206,1100,9556,159316048268,2,0,2,"UNFINISHED LIST"
36207,1100,9556,159316068691,2,2,2,""
20724,1101,10943,159317741695,1,1,0,""
20725,1101,10943,159317744010,1,2,0,"TOO MANY ARGS"
20726,1101,10943,159317760051,1,2,0,""
20727,1101,10943,159317764733,1,1,0,""
20728,1101,10943,159317770870,1,2,0,""
20729,1101,10943,159317895345,1,2,0,""
20730,1101,10943,159317898947,1,1,0,""
20731,1101,10943,159317919958,1,2,0,""
20732,1101,10943,159317921020,1,2,0,""
20733,1101,10943,159317923982,1,0,0,""
20734,1101,10943,159317925052,1,0,0,""
20735,1101,10943,159317956671,1,1,4,""
20736,1101,10943,159317959767,1,2,4,""
20737,1101,10943,159317965117,1,2,4,""
20738,1101,10943,159317966836,1,2,4,""
20739,1101,10943,159317977438,1,2,4,""
20740,1101,10943,159317978047,1,1,4,""
20741,1101,10943,159317978529,1,2,4,""
20742,1101,10943,159317992665,1,2,4,""
20743,1101,10943,159318021234,2,1,7,""
20744,1101,10943,159318034767,2,1,7,""
20745,1101,10943,159318049451,2,0,7,""
20746,1101,10943,159318086545,4,1,7,""
20747,1101,10943,159318088011,4,2,7,""
20748,1101,10943,159318094536,4,1,7,""
20495,1101,3454,159321691281,3,2,0,"TYPE MISMATCH"
8466,1104,5682,159322582187,1,2,0,"TYPE MISMATCH"
8467,1104,5682,159322590725,1,2,0,""
8468,1104,5682,159322591513,1,0,0,""
12543,1102,3454,159323314288,1,2,0,""
12544,1102,3454,159323325140,1,1,0,"UNFINISHED LIST"
12545,1102,3454,159323352292,1,0,0,"TYPE MISMATCH"
12546,1102,3454,159323353883,1,0,0,"MISSING EXPRESSION"
12547,1102,3454,159323415837,1,1,0,""
12548,1102,3454,159323430765,1,1,0,""
12549,1102,3454,159323439421,1,0,0,""
12550,1102,3454,159323455718,2,2,0,"NAMING ERROR"
12551,1102,3454,159323475751,2,1,0,""
12552,1102,3454,159323477483,2,2,0,""
12553,1102,3454,159323548584,4,0,0,"TYPE MISMATCH"
12554,1102,3454,159323556315,4,1,0,"TYPE MISMATCH"
12555,1102,3454,159323567908,4,1,0,""
12556,1102,3454,159323591772,4,1,0,""
12557,1102,3454,159323687199,6,1,0,"TYPE MISMATCH"
12558,1102,3454,159323730031,6,1,0,""
12559,1102,3454,159323757415,6,0,0,""
12560,1102,3454,159323781799,6,1,0,""
12561,1102,3454,159323823157,6,2,0,"NAMING ERROR"
12562,1102,3454,159324811463,6,2,10,""
20621,1101,10624,159330527310,1,1,0,""
270,1104,11057,159330567409,1,0,0,""
271,1104,11057,159330571910,1,1,0,""
272,1104,11057,159330575175,1,0,0,""
20622,1101,10624,159330584303,1,0,0,""
20623,1101,10624,159330587999,1,0,0,""
273,1104,11057,159330588555,2,2,0,""
20624,1101,10624,159330588989,1,1,0,""
20625,1101,10624,159330593269,1,2,0,""
20626,1101,10624,159330597547,1,1,0,""
274,1104,11057,159330622907,2,1,0,""
275,1104,11057,159330626023,2,0,0,""
276,1104,11057,159330640475,2,2,0,"TYPE MISMATCH"
277,1104,11057,159330710015,2,0,0,""
278,1104,11057,159330739199,2,1,0,""
279,1104,11057,159330745835,2,0,0,""
20627,1101,10624,159330817401,1,2,0,""
20628,1101,10624,159330820765,1,2,0,""
20629,1101,10624,159330840144,1,2,0,""
280,1104,11057,159330932843,4,0,0,""
281,1104,11057,159330942001,4,2,0,""
282,1104,11057,159330945125,4,1,0,""
283,1104,11057,159330973238,4,1,0,""
284,1104,11057,159330974719,4,2,0,""
285,1104,11057,159330994030,4,1,0,""
286,1104,11057,159330994993,4,0,0,""
287,1104,11057,159331014067,4,1,0,""
288,1104,11057,159331031672,4,2,0,""
289,1104,11057,159331048749,4,2,0,""
290,1104,11057,159331058701,4,2,0,""
291,1104,11057,159331082137,4,0,0,""
292,1104,11057,159331083930,4,2,0,""
293,1104,11057,159331085320,4,1,0,""
294,1104,11057,159331085851,4,1,0,""
20525,1101,5662,159339790334,1,2,0,""
35832,1100,3461,159340749949,1,0,0,""
12721,1102,10943,159348912786,5,2,0,""
12722,1102,10943,159348946770,5,0,0,""
12723,1102,10943,159348997844,5,0,0,""
12724,1102,10943,159349011812,5,1,0,""
761,1100,11083,159349037823,0,2,0,""
762,1100,11083,159349421379,5,2,0,""
763,1100,11083,159349426201,5,0,0,"UNFINISHED LIST"
12725,1102,10943,159349788174,5,0,0,""
8538,1104,10943,159349789186,1,2,1,""
12726,1102,10943,159349864934,5,2,0,""
35829,1100,3454,159350631224,6,2,0,""
8515,1104,9556,159357177953,1,1,0,""
8516,1104,9556,159357209357,3,2,0,""
8517,1104,9556,159357242301,2,1,0,"UNFINISHED PARENTHESES"
8518,1104,9556,159357242692,2,0,0,"UNFINISHED PARENTHESES"
8519,1104,9556,159357271769,1,0,0,"NAMING ERROR"
8520,1104,9556,159357290875,2,2,0,"NAMING ERROR"
8521,1104,9556,159357339121,1,1,0,""
8469,1104,5682,159360941928,1,2,0,""
8470,1104,5682,159360946850,1,1,0,""
12615,1102,5682,159361015603,2,2,0,""
12616,1102,5682,159361045088,2,0,0,""
12617,1102,5682,159361048006,2,1,0,""
12618,1102,5682,159361069991,2,2,4,""
12619,1102,5682,159361149975,2,0,4,""
12620,1102,5682,159361153627,2,1,4,""
12621,1102,5682,159361179405,2,1,4,""
12622,1102,5682,159361187407,2,0,4,""
12623,1102,5682,159361197394,2,2,4,""
12624,1102,5682,159361201884,2,1,4,""
12625,1102,5682,159361203853,2,1,4,""
12626,1102,5682,159361214784,2,0,4,"TYPE MISMATCH"
12627,1102,5682,159361237817,2,1,8,""
12628,1102,5682,159361248501,2,1,8,""
12629,1102,5682,159361271059,2,1,10,""
12630,1102,5682,159361274269,2,0,10,""
12631,1102,5682,159361283000,2,1,10,""
9372,1103,3461,159376112937,4,0,1,""
12632,1102,5682,159377344084,2,2,12,""
12633,1102,5682,159377351211,2,1,12,""
12634,1102,5682,159377360183,2,1,12,""
12635,1102,5682,159377365558,2,1,12,"UNFINISHED LIST"
323,1102,11083,159391592531,1,0,0,""
324,1102,11083,159391626339,1,0,0,""
36262,1100,10943,159408939336,2,2,7,""
36263,1100,10943,159409362046,7,1,1,""
36264,1100,10943,159409365561,7,1,1,""
36212,1100,9612,159409673536,3,1,0,""
36213,1100,9612,159409711126,1,0,0,"TOO MANY ARGS"
36214,1100,9612,159409723814,1,0,0,"TYPE MISMATCH"
36215,1100,9612,159409724581,1,2,0,""
36216,1100,9612,159409738872,1,1,0,""
36217,1100,9612,159409739353,1,1,0,""
20597,1101,9612,159409759957,1,0,0,""
20598,1101,9612,159409793106,3,0,0,""
20599,1101,9612,159409796291,3,2,0,""
20600,1101,9612,159409826226,4,1,0,""
20601,1101,9612,159409894091,4,0,0,"TYPE MISMATCH"
20602,1101,9612,159409903648,4,0,0,""
20603,1101,9612,159409915629,4,0,0,""
20604,1101,9612,159409919451,4,2,0,""
20605,1101,9612,159409929855,4,1,0,""
20606,1101,9612,159409976035,5,2,0,""
20607,1101,9612,159409980213,5,0,0,""
20608,1101,9612,159409986583,5,0,0,""
20609,1101,9612,159409987434,5,0,0,""
20610,1101,9612,159409989129,5,2,0,""
20611,1101,9612,159410011431,7,1,0,""
20612,1101,9612,159410020646,7,2,0,"TOO MANY ARGS"
20613,1101,9612,159410066244,9,0,0,""
20614,1101,9612,159410066914,9,0,0,""
20615,1101,9612,159410118030,9,1,0,""
20616,1101,9612,159410162557,9,0,0,"NAMING ERROR"
20617,1101,9612,159410169745,9,1,0,""
20618,1101,9612,159410181195,9,0,0,""
20619,1101,9612,159410181714,9,1,0,""
20620,1101,9612,159410194416,9,2,0,""
36265,1100,10943,159418491695,0,2,0,"NAMING ERROR"
36266,1100,10943,159420835100,1,1,0,""
36267,1100,10943,159426439794,1,0,0,""
36268,1100,10943,159426648456,1,2,0,""
36269,1100,10943,159426712740,1,1,0,""
36270,1100,10943,159426756640,3,1,0,""
36271,1100,10943,159426824317,3,0,0,""
36272,1100,10943,159426853924,3,2,0,"TYPE MISMATCH"
36273,1100,10943,159426933078,3,0,0,""
36274,1100,10943,159427216776,3,0,0,""
36275,1100,10943,159427275131,3,2,0,""
36276,1100,10943,159427485210,3,2,0,""
36277,1100,10943,159427498576,3,0,0,""
20749,1101,10943,159427805610,3,2,0,""
20750,1101,10943,159428068381,3,2,0,"UNFINISHED PARENTHESES"
20751,1101,10943,159428073717,3,2,0,""
20752,1101,10943,159428092844,3,1,0,""
20753,1101,10943,159428098209,3,1,0,""
640,1100,11057,159428295839,2,1,0,""
641,1100,11057,159428318935,2,2,0,""
642,1100,11057,159428344011,2,2,0,""
36278,1100,10943,159428554008,1,2,0,""
36279,1100,10943,159428666922,1,2,0,""
643,1100,11057,159429107321,2,1,0,""
12727,1102,10943,159442868234,5,2,0,""
35876,1100,9008,159444269199,8,0,0,"UNFINISHED DEFINITION"
36218,1100,9612,159462438382,1,0,0,""
9461,1103,9612,159462451125,1,1,0,"WEIRD NUMBER"
9462,1103,9612,159462461844,1,1,0,""
9463,1103,9612,159462568401,4,1,0,"UNFINISHED PARENTHESES"
9464,1103,9612,159462609760,6,0,0,"TYPE MISMATCH"
9465,1103,9612,159462614169,6,0,0,""
9466,1103,9612,159462621906,7,0,0,""
9467,1103,9612,159462629707,7,1,0,""
9468,1103,9612,159462645066,7,1,0,""
9469,1103,9612,159462672462,8,2,1,""
9470,1103,9612,159462691730,8,1,1,""
9471,1103,9612,159462693087,8,2,1,""
9472,1103,9612,159462705986,7,0,2,""
9473,1103,9612,159462707171,7,0,2,""
9474,1103,9612,159462718795,7,0,2,""
9475,1103,9612,159462722797,7,0,2,""
9476,1103,9612,159462741416,8,0,2,""
9477,1103,9612,159462767208,8,0,1,""
9478,1103,9612,159462767928,8,2,1,""
9479,1103,9612,159462775389,8,0,1,""
9480,1103,9612,159462776591,8,2,1,""
9481,1103,9612,159462785267,8,2,1,""
9482,1103,9612,159462806641,8,0,1,"TYPE MISMATCH"
9483,1103,9612,159462828265,9,1,1,"NAMING ERROR"
9484,1103,9612,159462886226,8,0,2,""
9485,1103,9612,159462910911,8,2,2,""
9486,1103,9612,159468671842,8,2,2,""
20754,1101,10943,159470812683,3,2,0,""
20755,1101,10943,159470980431,3,2,0,""
36280,1100,10943,159473251792,2,0,0,""
36281,1100,10943,159473330871,2,2,0,""
36282,1100,10943,159473507143,2,1,0,""
36283,1100,10943,159473515605,2,0,0,""
36284,1100,10943,159473524378,1,0,0,""
36285,1100,10943,159473557762,1,0,0,""
36286,1100,10943,159473568106,2,2,0,""
36287,1100,10943,159473573276,2,0,0,""
296,1104,11081,159488045288,6,1,0,"NAME CLASH"
303,1104,11083,159495944215,1,1,0,""
297,1104,11081,159497781949,6,1,0,"UNEXPECTED ARROW"
304,1104,11083,159504547881,2,1,0,""
305,1104,11083,159504554018,2,1,0,""
764,1100,11083,159504651003,5,0,0,""
36288,1100,10943,159507267241,1,1,0,""
36289,1100,10943,159514305332,4,0,0,""
36290,1100,10943,159514343217,6,0,0,"PROBLEM IN TYPE ANNOTATION"
36291,1100,10943,159514345043,6,2,0,"PROBLEM IN TYPE ANNOTATION"
36292,1100,10943,159514359637,6,1,0,""
36293,1100,10943,159523241024,2,0,0,""
36294,1100,10943,159523254354,2,1,0,""
36295,1100,10943,159523269105,2,1,0,""
36296,1100,10943,159523273193,2,2,0,""
36297,1100,10943,159523293414,2,2,0,""
36298,1100,10943,159523321032,2,0,0,""
36299,1100,10943,159523342119,2,1,0,""
36300,1100,10943,159523365820,3,2,0,""
36301,1100,10943,159523470664,3,2,0,""
36302,1100,10943,159523504519,3,2,0,""
36303,1100,10943,159523528835,3,1,0,""
36304,1100,10943,159523570089,3,2,0,""
36305,1100,10943,159523590314,3,2,0,""
36306,1100,10943,159523603585,3,1,0,""
36307,1100,10943,159523647358,3,0,0,""
36308,1100,10943,159523648271,3,0,0,""
36309,1100,10943,159529716698,3,2,0,""
36310,1100,10943,159529764717,3,0,0,"TYPE MISMATCH"
36311,1100,10943,159529786886,3,0,0,""
36312,1100,10943,159529827594,3,2,0,""
36313,1100,10943,159529828132,3,1,0,""
36314,1100,10943,159529892248,3,2,0,""
36315,1100,10943,159529933177,3,0,0,""
36316,1100,10943,159529948259,3,1,0,""
20756,1101,10943,159530832252,3,2,0,""
20757,1101,10943,159531336114,3,2,0,""
20758,1101,10943,159538375629,4,2,0,""
20759,1101,10943,159539216841,3,2,0,""
12728,1102,10943,159539236981,9,1,5,""
12729,1102,10943,159539242666,9,1,5,""
12730,1102,10943,159539273380,9,0,5,""
12731,1102,10943,159539365910,10,0,5,""
8471,1104,7431,159547452003,1,1,0,""
8472,1104,7431,159547481279,1,1,0,"UNFINISHED PARENTHESES"
8473,1104,7431,159547517430,1,0,0,""
8474,1104,7431,159547523534,1,2,0,""
36317,1100,10943,159563878545,1,1,0,""
36318,1100,10943,159563989620,1,2,0,""
36319,1100,10943,159564055187,2,1,0,""
36320,1100,10943,159564118783,2,2,7,""
765,1100,11083,159564536521,1,0,0,"TYPE MISMATCH"
644,1100,11057,159565327284,2,0,0,"UNFINISHED LIST"
36321,1100,10943,159573981705,3,0,0,""
754,1100,11081,159574649326,2,0,11,""
20530,1101,8762,159582794425,1,2,0,"NAMING ERROR"
20531,1101,8762,159582794788,1,1,0,"NAMING ERROR"
36322,1100,10943,159583626217,3,2,0,""
645,1100,11057,159599585964,4,1,0,""
646,1100,11057,159599590817,4,2,0,""
647,1100,11057,159599597158,4,2,0,""
648,1100,11057,159599600688,4,1,0,""
649,1100,11057,159600099151,4,2,0,""
650,1100,11057,159600105169,4,0,0,""
651,1100,11057,159600154865,4,1,0,""
652,1100,11057,159600165998,4,2,0,"TYPE MISMATCH"
12538,1102,3442,159608689533,1,1,0,""
12539,1102,3442,159608711970,1,2,0,""
12540,1102,3442,159608813799,1,1,0,""
12541,1102,3442,159614790362,1,1,0,"UNFINISHED LIST"
12542,1102,3442,159617326276,1,2,0,"UNFINISHED LIST"
20760,1101,10943,159624095826,1,1,0,""
20761,1101,10943,159624419525,1,2,0,"NAMING ERROR"
20762,1101,10943,159624493038,1,0,0,""
20763,1101,10943,159624495427,1,0,0,""
20764,1101,10943,159624658042,2,2,7,""
20765,1101,10943,159624673195,2,2,8,""
9395,1103,5672,159626728210,1,0,0,""
638,1101,11057,159632535392,1,1,0,""
639,1101,11057,159632536490,1,2,0,""
20766,1101,10943,159632542522,1,2,0,""
640,1101,11057,159632544930,1,2,0,""
641,1101,11057,159632550906,1,1,0,""
20767,1101,10943,159632557693,1,2,0,""
20768,1101,10943,159632561390,1,0,0,""
20769,1101,10943,159632567203,1,1,0,""
642,1101,11057,159632572800,1,2,0,""
643,1101,11057,159632587484,1,1,0,"TYPE MISMATCH"
20594,1101,9556,159633045876,2,2,0,""
20595,1101,9556,159633048482,2,1,0,""
12692,1102,9556,159633061549,1,0,0,""
12693,1102,9556,159633069960,1,0,0,""
9458,1103,9556,159633192862,3,1,0,"UNEXPECTED SQUARE BRACKET"
9459,1103,9556,159633193139,3,2,0,"TYPE MISMATCH"
20770,1101,10943,159633313236,1,0,0,""
20771,1101,10943,159633313867,1,2,0,""
20772,1101,10943,159633338121,1,2,0,""
20773,1101,10943,159633350761,1,1,0,""
20774,1101,10943,159633422623,2,0,0,""
20775,1101,10943,159633432114,2,0,0,""
20776,1101,10943,159633438568,2,2,0,""
644,1101,11057,159641058911,1,0,0,""
645,1101,11057,159641082524,2,2,0,""
20777,1101,10943,159641103953,1,2,0,""
20778,1101,10943,159641107448,1,2,0,""
192,1103,11057,159641434189,1,0,0,""
193,1103,11057,159641435914,1,0,0,""
12732,1102,10943,159641436261,1,2,0,""
36323,1100,10943,159649684426,1,1,0,""
646,1101,11057,159649704030,2,2,0,""
36324,1100,10943,159649769703,1,2,0,""
194,1103,11057,159649787582,1,2,0,""
36325,1100,10943,159649811020,1,2,0,""
195,1103,11057,159649819986,2,1,0,""
196,1103,11057,159649854188,2,2,0,""
36326,1100,10943,159649965556,2,0,0,""
36327,1100,10943,159650005620,2,0,1,""
36328,1100,10943,159650037140,2,2,7,""
36329,1100,10943,159650126543,2,2,7,""
36330,1100,10943,159651782312,2,2,0,"UNFINISHED LIST"
36331,1100,10943,159651792003,2,1,0,"UNFINISHED LIST"
36332,1100,10943,159652272281,2,2,0,"UNFINISHED IF"
36333,1100,10943,159653052806,1,2,0,"NAMING ERROR"
36334,1100,10943,159653053419,2,1,0,""
36335,1100,10943,159658317724,2,1,0,""
197,1103,11057,159658338008,1,2,0,""
36336,1100,10943,159658363043,2,2,0,""
36337,1100,10943,159658385407,2,1,0,""
36338,1100,10943,159658394396,2,2,0,""
36339,1100,10943,159658401381,2,2,0,""
36340,1100,10943,159658420266,2,1,0,""
36341,1100,10943,159658435882,2,1,0,""
36342,1100,10943,159658460089,2,0,0,""
198,1103,11057,159658480341,2,1,0,""
199,1103,11057,159658492980,2,1,0,""
200,1103,11057,159658505778,2,0,0,""
201,1103,11057,159658515352,2,1,0,""
202,1103,11057,159658536006,2,0,0,""
203,1103,11057,159658537438,2,1,0,""
204,1103,11057,159658648877,2,2,0,""
36343,1100,10943,159658665066,2,0,0,""
295,1104,11057,159660760163,5,0,0,""
205,1103,11057,159684255506,2,1,0,""
206,1103,11057,159684282513,2,0,0,""
207,1103,11057,159684296237,2,0,0,""
20779,1101,10943,159684300694,2,1,0,""
208,1103,11057,159684301753,2,2,0,""
209,1103,11057,159684309489,2,2,0,""
210,1103,11057,159684319780,2,0,0,""
211,1103,11057,159684333642,2,1,0,""
212,1103,11057,159684338736,2,0,0,""
20780,1101,10943,159684369527,2,0,0,""
213,1103,11057,159684372172,2,0,4,"TYPE MISMATCH"
214,1103,11057,159684382905,2,2,2,""
20781,1101,10943,159684406600,2,0,0,""
20782,1101,10943,159684407388,2,1,0,""
20783,1101,10943,159684412641,2,0,0,""
36208,1100,9556,159686096112,1,2,1,""
36209,1100,9556,159686156760,2,0,1,""
36210,1100,9556,159686168436,2,0,1,"TYPE MISMATCH"
36211,1100,9556,159686186247,2,2,1,""
9460,1103,9556,159693929360,1,1,0,""
12694,1102,9556,159694760553,1,2,1,""
12695,1102,9556,159694761186,1,2,1,""
12696,1102,9556,159694796944,1,2,1,""
8522,1104,9556,159694825174,2,1,0,""
8523,1104,9556,159694827038,2,0,0,""
36344,1100,10943,159698114185,5,2,1,"TOO MANY ARGS"
36345,1100,10943,159702315442,5,2,1,""
36346,1100,10943,159702326004,5,0,1,""
36347,1100,10943,159702335092,5,2,1,""
12733,1102,10943,159702607343,1,1,0,""
12734,1102,10943,159702611500,1,1,0,""
12735,1102,10943,159702615465,2,0,0,""
755,1100,11081,159705055382,2,2,11,""
647,1101,11057,159710233549,2,0,0,""
648,1101,11057,159710252395,2,1,0,""
36348,1100,10943,159710623096,4,0,4,""
12736,1102,10943,159710626643,2,1,0,""
12737,1102,10943,159710643043,4,1,2,"TYPE MISMATCH"
20784,1101,10943,159710967477,2,1,0,""
20785,1101,10943,159710980434,2,2,0,""
20786,1101,10943,159710995423,2,1,0,""
12738,1102,10943,159711033852,4,2,0,""
12739,1102,10943,159711040701,4,1,0,""
20787,1101,10943,159711949457,1,0,0,""
36349,1100,10943,159711959338,2,2,0,""
36350,1100,10943,159711959994,2,2,0,""
36351,1100,10943,159712017910,3,1,0,""
766,1100,11083,159712557312,4,0,1,"UNFINISHED LIST"
767,1100,11083,159712561833,4,2,1,"TYPE MISMATCH"
768,1100,11083,159712574244,4,0,1,""
769,1100,11083,159712575798,4,1,1,""
770,1100,11083,159712581197,5,0,1,""
771,1100,11083,159712582804,5,0,1,""
772,1100,11083,159712606899,5,1,1,""
773,1100,11083,159712628576,6,0,1,""
36352,1100,10943,159713093096,3,1,0,""
8539,1104,10943,159713115806,2,0,0,""
8540,1104,10943,159713124029,2,2,0,""
8541,1104,10943,159713132501,2,2,0,""
8542,1104,10943,159713139042,2,2,0,"UNKNOWN OPERATOR"
8543,1104,10943,159713143029,2,0,0,""
8544,1104,10943,159713152270,2,2,0,""
8545,1104,10943,159713173117,2,2,1,""
8546,1104,10943,159713199535,2,1,1,""
8547,1104,10943,159713206824,2,0,1,""
8548,1104,10943,159713217274,2,2,1,""
8549,1104,10943,159713220535,2,2,1,""
8550,1104,10943,159713233919,2,2,1,""
649,1101,11057,159713753231,2,2,0,"TYPE MISMATCH"
12740,1102,10943,159718749662,3,0,0,""
8551,1104,10943,159718856271,2,1,0,""
8552,1104,10943,159718926868,2,1,0,""
8553,1104,10943,159718952176,2,0,0,""
36353,1100,10943,159741286471,3,2,0,""
20788,1101,10943,159741323670,1,0,0,"UNFINISHED LIST"
20789,1101,10943,159741324693,1,0,0,""
36354,1100,10943,159741339713,5,2,0,""
650,1101,11057,159742722653,3,0,0,""
36355,1100,10943,159744782815,5,0,0,""
651,1101,11057,159744784318,3,1,0,""
36356,1100,10943,159744789025,5,0,0,""
36357,1100,10943,159744835723,5,0,0,""
652,1101,11057,159744847507,3,0,0,""
36358,1100,10943,159744879050,5,2,0,""
36359,1100,10943,159744888977,5,0,0,""
653,1101,11057,159744909585,3,2,0,""
20790,1101,10943,159744974594,1,1,0,""
20791,1101,10943,159744976692,1,2,0,""
654,1101,11057,159745131234,3,2,0,""
36360,1100,10943,159745193846,5,1,0,""
36361,1100,10943,159745245523,1,2,0,""
36362,1100,10943,159745599541,1,2,0,""
36363,1100,10943,159745622338,1,1,0,""
36364,1100,10943,159745649558,1,2,0,""
36365,1100,10943,159745682927,2,0,0,""
20792,1101,10943,159753360228,1,0,0,""
20793,1101,10943,159753513797,1,0,0,""
20794,1101,10943,159753565531,1,2,0,""
20795,1101,10943,159753596627,1,2,0,""
20796,1101,10943,159753616392,1,1,0,""
20797,1101,10943,159753618849,1,0,0,""
36366,1100,10943,159754144842,2,0,0,""
36367,1100,10943,159754174145,2,0,0,""
36368,1100,10943,159754182705,2,2,0,""
36369,1100,10943,159754213091,2,1,0,""
36370,1100,10943,159754241119,2,0,0,""
8503,1104,8762,159754608217,1,0,0,""
36371,1100,10943,159754626520,2,0,0,""
8504,1104,8762,159754646754,1,1,13,"TYPE MISMATCH"
8505,1104,8762,159754679655,1,1,13,""
8506,1104,8762,159754684793,1,0,13,""
8507,1104,8762,159754706761,1,2,13,""
8508,1104,8762,159754739146,1,1,13,""
8509,1104,8762,159754762043,1,0,13,"UNFINISHED IF"
8510,1104,8762,159754767292,1,2,13,""
8511,1104,8762,159754795047,1,0,13,""
8512,1104,8762,159754800097,1,0,13,""
36372,1100,10943,159755219622,2,0,0,""
36373,1100,10943,159755231586,2,2,0,""
36374,1100,10943,159755239428,2,0,0,""
36375,1100,10943,159755262478,2,0,0,""
36376,1100,10943,159755267176,2,2,0,""
36377,1100,10943,159755268323,2,1,0,""
36378,1100,10943,159758684685,2,0,0,""
36379,1100,10943,159758685172,2,2,0,""
36380,1100,10943,159758686693,2,0,0,""
36381,1100,10943,159758695457,2,2,0,""
36382,1100,10943,159758699721,2,0,0,""
36383,1100,10943,159758707541,2,0,0,""
36384,1100,10943,159758754691,2,1,0,""
36385,1100,10943,159758791584,2,2,0,""
36386,1100,10943,159758850544,3,1,0,""
36387,1100,10943,159758883245,3,0,0,""
36388,1100,10943,159758887485,3,2,0,""
36389,1100,10943,159758923656,2,2,0,""
36390,1100,10943,159758946485,2,1,0,""
36391,1100,10943,159758982026,2,0,0,""
36392,1100,10943,159758982494,2,1,0,""
655,1101,11057,159759652970,4,1,0,""
656,1101,11057,159759755625,5,0,0,""
36393,1100,10943,159765465210,2,1,0,"EXPECTING RECORD ACCESSOR"
36394,1100,10943,159765465498,2,0,0,""
36395,1100,10943,159766432707,2,0,0,""
36396,1100,10943,159766437955,2,2,0,""
36397,1100,10943,159766439459,2,1,0,""
36398,1100,10943,159766439892,2,1,0,""
8554,1104,10943,159767084985,2,0,0,""
8555,1104,10943,159767108494,2,2,0,""
8556,1104,10943,159767123858,1,0,0,""
9531,1103,10943,159767126814,1,2,3,""
8557,1104,10943,159767129404,3,2,0,""
20798,1101,10943,159773122080,2,2,0,""
20799,1101,10943,159773131811,2,0,0,""
36399,1100,10943,159773137227,2,1,0,""
36400,1100,10943,159773646369,2,0,0,""
8558,1104,10943,159775946294,3,0,0,""
8559,1104,10943,159779673613,4,2,0,""
8560,1104,10943,159779696797,4,2,0,""
8561,1104,10943,159779710636,4,1,0,""
8562,1104,10943,159781828234,4,0,0,""
20800,1101,10943,159805306818,1,0,0,""
20801,1101,10943,159822627631,1,2,0,""
20802,1101,10943,159839875270,1,0,0,""
20803,1101,10943,159839971315,1,0,0,""
20804,1101,10943,159839998557,1,1,1,""
20805,1101,10943,159840005739,1,1,0,""
20806,1101,10943,159874573889,2,1,0,""
20807,1101,10943,159874640036,3,0,0,""
20808,1101,10943,159874940409,3,1,0,""
20809,1101,10943,159892248689,1,0,0,""
12741,1102,10943,159892466924,1,2,0,""
12742,1102,10943,159892537191,1,1,0,""
12743,1102,10943,159892541210,1,1,0,""
12744,1102,10943,159892602060,2,2,2,""
12745,1102,10943,159892635649,2,1,2,""
12746,1102,10943,159892636338,2,1,2,""
20810,1101,10943,159892718073,1,1,0,""
20811,1101,10943,159892729176,1,2,0,""
12747,1102,10943,159892856543,2,1,2,""
20812,1101,10943,159892943129,1,0,0,""
8563,1104,10943,159892959113,5,2,0,""
20813,1101,10943,159900619945,1,2,0,""
20814,1101,10943,159900841075,1,2,0,""
20815,1101,10943,159900884060,1,1,0,""
8564,1104,10943,159926319830,4,2,0,""
8565,1104,10943,159926321985,3,2,0,""
12748,1102,10943,159926378948,1,2,0,""
12749,1102,10943,159926432464,2,1,2,""
12750,1102,10943,159926474764,3,2,2,"UNFINISHED LIST"
8566,1104,10943,159926525605,4,1,0,""
8567,1104,10943,159926571397,4,2,1,""
12751,1102,10943,159926816717,1,0,3,""
20527,1101,8672,159928396029,4,0,0,""
20528,1101,8672,159928398420,4,2,0,""
20529,1101,8672,159928409139,4,1,0,""
36401,1100,10943,159929435578,2,1,0,""
20816,1101,10943,159952395270,1,2,0,""
657,1101,11057,159952495064,5,2,0,""
658,1101,11057,159952503071,5,2,0,""
20817,1101,10943,159987142383,2,2,0,""
659,1101,11057,159987148423,5,1,0,""
20818,1101,10943,159987162957,10,1,0,""
36402,1100,10943,159987235060,2,0,0,""
36403,1100,10943,159987280525,2,1,0,""
36404,1100,10943,159987484595,4,0,0,""
653,1100,11057,159996109259,5,2,0,"UNFINISHED PARENTHESES"
654,1100,11057,159996113491,5,2,0,""
12752,1102,10943,160004217686,1,0,1,""
12753,1102,10943,160004241596,1,2,1,""
12754,1102,10943,160004259754,1,2,1,""
12755,1102,10943,160004262790,2,0,1,""
655,1100,11057,160004342222,6,0,0,""
20819,1101,10943,160004408013,38,0,0,""
20820,1101,10943,160004410394,38,0,0,""
12756,1102,10943,160004490182,12,2,0,""
12757,1102,10943,160004523127,12,2,0,""
12758,1102,10943,160004523649,12,0,0,""
12759,1102,10943,160004533485,12,2,0,""
12760,1102,10943,160004536740,12,1,0,""
12761,1102,10943,160004538546,12,1,0,""
12762,1102,10943,160004543355,12,1,0,"TYPE MISMATCH"
12763,1102,10943,160004554749,12,2,0,""
12764,1102,10943,160004560647,12,0,0,"TYPE MISMATCH"
12765,1102,10943,160004561659,12,1,0,""
12766,1102,10943,160004566794,12,1,0,""
12767,1102,10943,160004571270,12,0,0,""
9532,1103,10943,160004595321,25,2,0,""
656,1100,11057,160004598454,11,2,0,""
657,1100,11057,160004606242,11,1,0,""
658,1100,11057,160004626491,11,0,0,""
659,1100,11057,160004628146,11,2,0,""
9533,1103,10943,160004639191,25,2,0,""
9534,1103,10943,160004639705,25,2,0,""
9535,1103,10943,160004641818,25,2,0,""
9536,1103,10943,160004653286,25,1,0,""
9537,1103,10943,160004681994,25,0,0,""
9538,1103,10943,160004696260,25,0,0,""
9539,1103,10943,160004704729,25,1,0,""
12768,1102,10943,160004743581,38,1,0,""
9540,1103,10943,160004757023,2,2,0,""
12769,1102,10943,160004776783,40,2,0,""
9541,1103,10943,160004788805,3,1,0,""
12770,1102,10943,160004822326,40,0,0,""
12771,1102,10943,160004828399,40,1,0,""
12772,1102,10943,160004917030,40,2,0,""
12773,1102,10943,160006557352,40,0,1,""
12774,1102,10943,160006604445,40,2,1,""
12775,1102,10943,160006620951,40,0,1,""
12776,1102,10943,160006633124,40,0,1,""
12777,1102,10943,160006646171,40,2,1,""
12778,1102,10943,160006659701,40,0,1,""
12779,1102,10943,160006662342,40,0,1,""
12780,1102,10943,160006664860,40,2,1,""
12781,1102,10943,160006700866,40,1,1,""
12782,1102,10943,160006723418,40,1,0,""
9542,1103,10943,160012827550,3,2,0,"NAMING ERROR"
9543,1103,10943,160012830618,1,1,0,""
9544,1103,10943,160012952228,1,2,0,""
12783,1102,10943,160014994848,40,2,0,""
9545,1103,10943,160021510732,1,2,0,""
12784,1102,10943,160021537441,50,0,3,""
8568,1104,10943,160021603137,5,1,0,""
8569,1104,10943,160021630054,6,2,0,""
8570,1104,10943,160021639930,6,0,0,""
9546,1103,10943,160021645644,19,1,0,"UNFINISHED DEFINITION"
8571,1104,10943,160021669053,7,2,0,"TYPE MISMATCH"
8572,1104,10943,160021670428,7,0,0,""
12785,1102,10943,160021693722,75,0,3,"NAME CLASH"
8573,1104,10943,160021720471,8,2,0,""
12786,1102,10943,160021727939,75,0,3,""
8574,1104,10943,160021763678,1,1,0,""
12787,1102,10943,160021824894,75,1,3,""
12788,1102,10943,160021862806,76,2,1,""
12789,1102,10943,160021870298,75,1,1,""
12790,1102,10943,160021915593,75,2,0,""
9547,1103,10943,160022000613,8,1,0,""
9548,1103,10943,160022005495,9,2,0,""
9549,1103,10943,160022017498,9,0,0,""
9550,1103,10943,160022075732,10,2,0,""
12791,1102,10943,160022118349,77,0,0,"NAME CLASH"
12792,1102,10943,160022144378,78,1,0,""
12793,1102,10943,160022146852,78,1,0,""
12794,1102,10943,160056158368,83,0,2,""
12795,1102,10943,160056180996,83,0,2,""
12796,1102,10943,160056199935,84,2,2,""
12797,1102,10943,160056217334,84,2,2,""
8575,1104,10943,160056256537,3,2,0,""
8576,1104,10943,160056264500,2,0,0,""
12798,1102,10943,160056292337,85,1,2,""
12799,1102,10943,160056317360,86,0,27,""
12800,1102,10943,160056329245,86,0,27,""
12801,1102,10943,160056345287,86,2,27,""
12802,1102,10943,160056355664,86,0,27,""
12803,1102,10943,160056360155,86,1,27,"TYPE MISMATCH"
12804,1102,10943,160056370831,86,2,27,""
12805,1102,10943,160056379386,86,2,28,""
12806,1102,10943,160056386895,86,1,28,""
12807,1102,10943,160056402424,86,1,27,""
12808,1102,10943,160056412101,86,0,27,""
12809,1102,10943,160056424615,86,2,27,""
8577,1104,10943,160056426220,1,1,0,""
12810,1102,10943,160056483276,87,0,27,"NAMING ERROR"
12811,1102,10943,160056504604,88,0,28,""
12812,1102,10943,160056589678,90,1,27,"TYPE MISMATCH"
12813,1102,10943,160056622036,90,0,27,""
12814,1102,10943,160059255646,91,2,27,""
12815,1102,10943,160059319545,92,1,27,""
12816,1102,10943,160059368544,92,2,27,""
12817,1102,10943,160059373058,92,0,27,""
12818,1102,10943,160073523414,93,1,26,""
20821,1101,10943,160073554916,93,2,26,""
20822,1101,10943,160073557514,93,2,26,""
12819,1102,10943,160073628300,93,2,26,""
20823,1101,10943,160073679792,93,0,26,""
12820,1102,10943,160074199901,93,1,28,""
12821,1102,10943,160074217003,93,2,27,""
20824,1101,10943,160074230170,93,2,27,""
12822,1102,10943,160074360659,93,1,28,""
20825,1101,10943,160074429086,93,1,27,""
12823,1102,10943,160074561324,93,1,27,""
12824,1102,10943,160074615353,93,2,27,""
36405,1100,10943,160082048226,1,1,0,""
36406,1100,10943,160082049278,1,2,0,""
20522,1101,5496,160429312768,1,2,0,""
20523,1101,5496,160429312998,1,0,0,""
36407,1100,10943,160431041996,2,1,0,""
20572,1101,9272,160455604407,2,0,0,"UNFINISHED DEFINITION"
20573,1101,9272,160455621191,2,0,0,"UNFINISHED DEFINITION"
20574,1101,9272,160455629128,2,1,0,""
20575,1101,9272,160455639354,2,2,0,"UNFINISHED LIST"
20576,1101,9272,160455680384,2,2,0,"TYPE MISMATCH"
20577,1101,9272,160455770660,3,0,0,""
20578,1101,9272,160455798008,3,1,0,""
20579,1101,9272,160455827106,4,2,0,""
20580,1101,9272,160455838928,4,1,0,""
20581,1101,9272,160455847179,5,2,0,""
20582,1101,9272,160455852327,5,2,0,""
20583,1101,9272,160455856316,5,0,0,""
20584,1101,9272,160455856816,5,1,0,""
36408,1100,10943,160456049280,3,1,0,"NAMING ERROR"
36409,1100,10943,160456055996,3,2,0,""
36410,1100,10943,160456062616,3,0,0,""
36411,1100,10943,160456063443,3,0,0,""
36412,1100,10943,160456063886,3,2,0,""
36413,1100,10943,160456171606,7,2,1,""
36414,1100,10943,160456240102,8,0,9,""
36415,1100,10943,160456242711,8,0,9,""
35837,1100,5471,160810705827,1,0,0,""
20526,1101,5662,160931206665,1,2,0,""
20596,1101,9556,161199554295,3,2,1,""
36170,1100,9522,161418165630,1,1,0,""
36171,1100,9522,161418168018,1,2,0,""
36172,1100,9522,161418181557,1,2,0,""
36173,1100,9522,161418185214,1,1,0,"UNKNOWN OPERATOR"
36174,1100,9522,161418191149,1,1,0,"UNFINISHED PARENTHESES"
36175,1100,9522,161418223784,1,2,0,"TYPE MISMATCH"
35833,1100,3461,161518568854,1,0,0,""
36219,1100,10625,161518680673,1,2,0,""
36220,1100,10625,161518719786,1,1,0,""
36221,1100,10625,161518721546,1,2,0,""
36222,1100,10625,161518742705,1,2,0,"TYPE MISMATCH"
36223,1100,10625,161518778240,2,0,0,""
20630,1101,10625,161518852219,1,1,0,""
12565,1102,3475,161518867421,1,0,0,""
12566,1102,3475,161518869366,1,1,0,""
20631,1101,10625,161518905316,1,2,0,"UNFINISHED PARENTHESES"
20632,1101,10625,161518913434,1,2,0,""
20633,1101,10625,161518914071,1,1,0,""
12567,1102,3475,161518923454,1,0,0,"TYPE MISMATCH"
20634,1101,10625,161518924864,1,0,0,""
12568,1102,3475,161518982339,1,0,0,""
12569,1102,3475,161518986115,1,0,0,""
20635,1101,10625,161518988516,1,0,0,""
12570,1102,3475,161518990723,1,1,0,""
12571,1102,3475,161519001889,1,1,0,"TYPE MISMATCH"
12572,1102,3475,161519021814,1,0,0,""
12573,1102,3475,161519024934,1,2,0,""
12574,1102,3475,161519038734,1,0,0,"UNFINISHED PARENTHESES"
12575,1102,3475,161519040718,1,0,0,"UNFINISHED LIST"
12576,1102,3475,161519048681,1,0,0,"TYPE MISMATCH"
12577,1102,3475,161519070659,1,1,0,"EXPECTING RECORD ACCESSOR"
12578,1102,3475,161519074292,1,1,0,"TYPE MISMATCH"
12579,1102,3475,161519078034,1,2,0,""
9373,1103,3474,161519099138,5,1,0,"NAME CLASH"
12697,1102,10625,161527898157,1,2,0,""
12698,1102,10625,161528040651,2,2,0,""
12636,1102,9008,161536593748,1,2,0,""
20636,1101,10625,161536876307,2,2,0,""
20637,1101,10625,161536910906,2,2,0,""
12699,1102,10625,161582807927,3,2,0,""
20638,1101,10625,161582808467,2,0,0,""
36146,1100,9272,161589908411,1,1,0,""
35836,1100,3562,161709007178,1,1,0,""
35835,1100,3474,161718843970,1,2,0,""
306,1104,11083,162195000050,2,1,0,""
12637,1102,9008,162241531155,2,1,0,""
12638,1102,9008,162241532207,2,0,0,""
8513,1104,9008,162244712571,5,0,0,""
20532,1101,9008,162244719176,2,1,1,""
9407,1103,9008,162244758408,2,0,0,"TYPE MISMATCH"
9408,1103,9008,162244832064,2,2,6,"TYPE MISMATCH"
9409,1103,9008,162244835333,2,0,6,""
9410,1103,9008,162244898156,2,2,6,""
9411,1103,9008,162244909669,2,2,6,""
20533,1101,9008,162244976405,2,1,3,""
12639,1102,9008,162245000386,2,2,0,""
12640,1102,9008,162245005597,2,0,0,""
9412,1103,9008,162245015521,3,2,6,""
9413,1103,9008,162245018851,3,0,6,""
9414,1103,9008,162245019670,3,1,6,""
9415,1103,9008,162245165026,3,0,6,""
8514,1104,9008,162245208791,5,1,0,""
20534,1101,9008,162245259486,2,1,1,""
20535,1101,9008,162245263566,2,1,2,""
12641,1102,9008,162245399817,2,2,1,""
12642,1102,9008,162245429690,2,0,1,""
12643,1102,9008,162245454840,2,2,1,""
12644,1102,9008,162245460464,2,1,1,""
12645,1102,9008,162245937468,2,2,3,""
12646,1102,9008,162245941158,2,1,3,""
12647,1102,9008,162245943356,2,0,3,""
9416,1103,9008,162246041155,3,1,7,""
12648,1102,9008,162246323801,2,2,0,""
12649,1102,9008,162246387448,2,1,0,""
9417,1103,9008,162246480314,3,1,7,""
12650,1102,9008,162246505797,2,0,1,""
12651,1102,9008,162246532811,2,1,1,""
20536,1101,9008,162261715907,5,2,3,""
9418,1103,9008,162261814320,1,1,0,""
9419,1103,9008,162261817811,1,0,0,""
9420,1103,9008,162261869247,2,2,1,""
9421,1103,9008,162262009049,3,1,4,""
9422,1103,9008,162262009760,3,2,4,""
9423,1103,9008,162262019134,4,1,4,""
9424,1103,9008,162262066592,4,1,4,""
9425,1103,9008,162262105381,2,0,3,""
12652,1102,9008,162262313988,2,1,1,""
12653,1102,9008,162262331286,2,1,1,"TYPE MISMATCH"
12654,1102,9008,162262347260,2,1,1,""
12655,1102,9008,162262347653,2,2,1,""
12656,1102,9008,162262376941,2,1,1,""
12657,1102,9008,162262497102,2,1,1,""
12658,1102,9008,162289692159,2,0,1,""
12659,1102,9008,162305180550,2,0,1,""
35877,1100,9008,162306364196,1,1,0,""
35878,1100,9008,162306381695,1,2,0,""
35879,1100,9008,162306386263,1,1,0,""
20537,1101,9008,162306637051,1,2,2,""
20538,1101,9008,162306637691,1,1,2,""
20539,1101,9008,162313913103,2,1,2,""
20540,1101,9008,162313914856,2,2,2,""
20541,1101,9008,162313975397,2,2,2,""
20542,1101,9008,162314073168,2,2,2,""
20543,1101,9008,162314120303,2,1,2,""
20544,1101,9008,162314121101,2,1,2,""
20545,1101,9008,162314152676,2,1,3,""
20546,1101,9008,162314154218,2,1,3,""
20547,1101,9008,162314245907,2,2,4,""
20548,1101,9008,162314248188,2,0,4,""
35880,1100,9008,162314267091,1,2,0,""
35881,1100,9008,162314272284,1,2,0,""
35882,1100,9008,162314284875,1,0,0,""
12660,1102,9008,162314351137,2,2,1,""
35883,1100,9008,162317145746,1,0,2,""
35884,1100,9008,162317154496,1,1,2,""
35885,1100,9008,162317158140,1,1,2,""
35886,1100,9008,162317220271,1,0,2,""
35887,1100,9008,162317278855,1,1,5,""
20549,1101,9008,162317328783,2,1,3,""
9426,1103,9008,162317399847,2,1,1,""
9427,1103,9008,162317404875,2,0,1,""
9428,1103,9008,162317431236,2,2,1,""
9429,1103,9008,162317452873,2,2,1,""
12661,1102,9008,162317532437,2,1,1,""
12662,1102,9008,162317546566,2,1,1,""
35888,1100,9008,162322788606,1,1,0,""
35889,1100,9008,162322834773,1,1,0,""
35890,1100,9008,162322835337,1,1,0,""
35891,1100,9008,162322870835,1,1,0,""
35892,1100,9008,162322875365,1,2,0,""
35893,1100,9008,162322886552,1,2,0,""
35894,1100,9008,162323026160,1,0,0,""
35895,1100,9008,162323032668,1,2,0,""
35896,1100,9008,162323033227,1,0,0,""
35897,1100,9008,162323038516,1,0,0,""
35898,1100,9008,162323041396,1,2,0,""
12663,1102,9008,162326148337,2,1,1,""
12664,1102,9008,162326155565,2,0,1,"TYPE MISMATCH"
35899,1100,9008,162357139724,1,2,0,""
35900,1100,9008,162357216158,1,2,0,""
20550,1101,9008,162374351377,2,1,3,""
20551,1101,9008,162374380094,2,0,3,""
20552,1101,9008,162374383070,2,2,3,""
20553,1101,9008,162374407479,3,0,3,""
20554,1101,9008,162374579740,3,0,2,""
20555,1101,9008,162374581327,3,0,2,""
20556,1101,9008,162374761057,3,2,2,""
12665,1102,9008,162374882624,2,2,1,""
12666,1102,9008,162374884327,2,1,1,"TYPE MISMATCH"
12667,1102,9008,162374893937,2,0,1,""
12668,1102,9008,162374906865,2,2,1,""
35901,1100,9008,162375098998,1,0,0,""
35902,1100,9008,162375315626,1,2,0,""
35903,1100,9008,162375320703,1,2,0,""
35904,1100,9008,162375321661,1,0,0,""
35905,1100,9008,162375324276,1,2,0,""
35906,1100,9008,162375404891,2,0,0,""
35907,1100,9008,162375418736,2,1,0,""
35908,1100,9008,162375424071,2,0,0,""
35909,1100,9008,162375433147,2,2,0,""
35910,1100,9008,162375481154,2,2,0,""
35911,1100,9008,162382865205,1,0,0,"UNFINISHED LIST"
35912,1100,9008,162382865401,1,2,0,""
35913,1100,9008,162382890028,2,1,0,""
35914,1100,9008,162382967018,2,2,0,""
35915,1100,9008,162382971447,2,2,0,""
35916,1100,9008,162382975876,2,2,0,""
35917,1100,9008,162383214211,2,1,0,""
35918,1100,9008,162383224460,2,2,0,""
35919,1100,9008,162383228992,2,0,0,""
35920,1100,9008,162384179105,2,2,0,""
35921,1100,9008,162384382197,3,0,0,""
35922,1100,9008,162384386194,3,0,0,""
35923,1100,9008,162409015905,3,0,0,""
35924,1100,9008,162409205992,3,0,0,""
35925,1100,9008,162409224966,3,0,0,""
35926,1100,9008,162409333751,3,2,0,""
35927,1100,9008,162409340123,3,0,0,""
35928,1100,9008,162409404282,3,1,0,""
35929,1100,9008,162410535839,3,2,0,""
35930,1100,9008,162410543676,3,1,0,""
35931,1100,9008,162410606583,3,0,0,""
35932,1100,9008,162412560367,5,2,0,""
35933,1100,9008,162418586132,5,2,0,""
35934,1100,9008,162418729655,5,0,1,""
35935,1100,9008,162418740455,5,1,1,""
35936,1100,9008,162418764579,5,1,1,""
35937,1100,9008,162418935148,5,0,2,""
35938,1100,9008,162418935762,5,2,2,""
35939,1100,9008,162419344838,5,1,2,""
35940,1100,9008,162419361220,5,2,3,""
35941,1100,9008,162426346899,5,1,3,"UNFINISHED LIST"
35942,1100,9008,162427260260,5,2,0,""
35943,1100,9008,162427385016,5,0,0,""
35944,1100,9008,162427389244,5,0,0,""
35945,1100,9008,162427393200,5,0,0,""
35946,1100,9008,162427419241,5,2,0,""
35947,1100,9008,162427553610,5,1,2,""
12669,1102,9008,162427580770,2,2,1,""
12670,1102,9008,162427668380,2,2,1,""
660,1100,11057,162435267384,11,0,0,""
35948,1100,9008,162443836352,5,0,0,""
35949,1100,9008,162443889629,5,0,0,""
35950,1100,9008,162443945942,5,0,0,""
35951,1100,9008,162443976784,5,1,0,""
35952,1100,9008,162443980141,5,2,0,""
35953,1100,9008,162443981287,5,0,0,""
35954,1100,9008,162444058620,5,1,0,""
35955,1100,9008,162470238449,5,0,0,""
35956,1100,9008,162470307296,5,2,2,""
35957,1100,9008,162470359210,5,2,2,""
35958,1100,9008,162471478539,5,2,0,""
35959,1100,9008,162479237534,5,1,0,""
35960,1100,9008,162479247768,5,0,0,""
35961,1100,9008,162479249547,5,0,0,""
35962,1100,9008,162479326002,5,2,0,""
35963,1100,9008,162479355965,5,2,0,""
35964,1100,9008,162479367433,5,1,0,""
35965,1100,9008,162479440546,5,0,0,""
35966,1100,9008,162479497967,5,1,2,""
35967,1100,9008,162479687171,5,0,0,""
35968,1100,9008,162479694665,5,1,0,""
35969,1100,9008,162479708415,5,1,0,""
35970,1100,9008,162479743931,5,2,1,""
35971,1100,9008,162479753951,5,2,1,""
35972,1100,9008,162479755094,5,2,1,""
35973,1100,9008,162479831693,5,1,2,""
35974,1100,9008,162479871438,5,0,2,""
35975,1100,9008,162486989535,5,0,0,""
35976,1100,9008,162487031712,5,1,0,""
9487,1103,10625,162487085043,1,1,0,""
20557,1101,9008,162487086543,3,2,5,""
35977,1100,9008,162487110696,5,0,0,""
20639,1101,10625,162487146433,2,2,0,""
9488,1103,10625,162487160254,1,2,0,""
9489,1103,10625,162487162507,1,0,0,""
9490,1103,10625,162487301800,1,1,0,""
9491,1103,10625,162487318421,1,2,0,""
35978,1100,9008,162496216589,5,1,0,""
35979,1100,9008,162496344586,5,2,0,""
35980,1100,9008,162496348312,5,1,0,""
35981,1100,9008,162496358216,5,0,0,""
35982,1100,9008,162496359901,5,1,0,""
35983,1100,9008,162496412856,5,2,0,""
35984,1100,9008,162496508652,5,1,1,""
35985,1100,9008,162496622899,5,2,4,""
8524,1104,10625,162497323566,1,0,0,""
8525,1104,10625,162497351661,1,1,0,""
8526,1104,10625,162497352246,1,1,0,""
8527,1104,10625,162497352794,1,0,0,""
8528,1104,10625,162497388258,1,2,0,""
8529,1104,10625,162497425836,1,2,0,""
35986,1100,9008,162504006723,5,1,4,""
35987,1100,9008,162504044951,5,1,5,""
35988,1100,9008,162504174175,5,0,5,""
35989,1100,9008,162504175721,5,0,5,""
35990,1100,9008,162504226527,5,2,5,""
35991,1100,9008,162504249564,5,2,5,""
35992,1100,9008,162504271752,5,0,5,""
35993,1100,9008,162504316496,5,2,5,""
35994,1100,9008,162504361201,5,0,5,""
35995,1100,9008,162504401141,5,1,5,""
35996,1100,9008,162504452815,5,1,5,""
35997,1100,9008,162504499330,5,0,5,""
35998,1100,9008,162504620774,5,2,7,""
35999,1100,9008,162504622268,5,1,7,""
36000,1100,9008,162504653451,5,1,7,""
36001,1100,9008,162504854884,5,1,7,""
36002,1100,9008,162505015499,5,0,7,""
36003,1100,9008,162505024607,5,0,7,""
36004,1100,9008,162505026945,5,2,7,""
36005,1100,9008,162505088121,5,1,7,""
36006,1100,9008,162505258123,6,1,0,""
36007,1100,9008,162531174534,6,0,0,""
36008,1100,9008,162531277888,6,0,0,""
36009,1100,9008,162531294984,6,2,0,""
36010,1100,9008,162531338184,6,2,0,""
36011,1100,9008,162531422344,6,0,0,""
36012,1100,9008,162531431261,6,0,0,""
36013,1100,9008,162548157298,6,2,0,"UNFINISHED LIST"
36014,1100,9008,162548304214,6,1,0,""
36015,1100,9008,162548809645,6,0,0,""
36016,1100,9008,162548819736,6,1,0,""
36017,1100,9008,162548851089,6,1,0,""
36018,1100,9008,162548853274,6,0,0,""
36019,1100,9008,162548862344,6,1,0,""
36020,1100,9008,162548918830,7,2,0,"NAMING ERROR"
36021,1100,9008,162548940099,7,2,0,""
36022,1100,9008,162548946315,7,2,0,""
36023,1100,9008,162549016059,7,0,0,""
36024,1100,9008,162549052325,7,0,0,""
36025,1100,9008,162555937778,7,2,0,""
20558,1101,9008,162556928413,3,0,2,""
20559,1101,9008,162557043840,3,1,2,""
20560,1101,9008,162565386009,3,2,2,""
20561,1101,9008,162565398820,3,0,2,""
20562,1101,9008,162565437100,3,2,2,""
20563,1101,9008,162565466536,3,0,2,""
20564,1101,9008,162565476385,3,2,2,""
20565,1101,9008,162565592889,3,2,2,""
20566,1101,9008,162565617256,3,2,2,""
20567,1101,9008,162565790205,3,1,2,"TOO MANY ARGS"
20568,1101,9008,162565794051,3,1,2,""
20569,1101,9008,162565887130,3,1,4,""
36026,1100,9008,162591469397,7,1,0,""
36027,1100,9008,162591522171,7,0,0,""
36028,1100,9008,162591543520,7,2,0,""
36029,1100,9008,162591601330,7,0,0,""
36030,1100,9008,162591633802,7,0,0,""
36031,1100,9008,162591687142,7,1,0,""
36032,1100,9008,162591688833,7,1,0,""
36033,1100,9008,162592182107,8,2,0,""
36034,1100,9008,162592186081,8,0,0,""
36035,1100,9008,162592292255,8,2,0,""
36036,1100,9008,162592319662,8,0,0,""
36037,1100,9008,162592370594,8,1,0,""
36038,1100,9008,162592388339,8,1,0,""
36039,1100,9008,162592522079,8,1,2,""
36040,1100,9008,162592527225,8,0,2,""
36041,1100,9008,162617647440,8,1,0,""
36042,1100,9008,162617742321,8,1,0,""
36043,1100,9008,162617786077,8,1,0,""
36044,1100,9008,162617804655,8,0,0,""
36045,1100,9008,162617821043,8,0,0,""
36046,1100,9008,162617849214,8,0,0,""
36047,1100,9008,162617988503,9,1,0,"TYPE MISMATCH"
36048,1100,9008,162618101390,9,2,0,""
36049,1100,9008,162618113656,9,1,0,""
36050,1100,9008,162618114638,9,1,0,""
36051,1100,9008,162618122651,9,0,0,""
36052,1100,9008,162618143875,9,0,0,""
36053,1100,9008,162618149432,9,2,0,""
36054,1100,9008,162618171259,9,1,0,""
36055,1100,9008,162618177195,9,0,0,""
36056,1100,9008,162618182900,9,0,0,""
36057,1100,9008,162618191241,9,1,0,""
36058,1100,9008,162625041406,9,2,0,""
36059,1100,9008,162625345417,9,1,0,""
36060,1100,9008,162653713876,9,1,0,""
36061,1100,9008,162662263809,10,2,0,""
36062,1100,9008,162662267410,10,0,0,""
36063,1100,9008,162662270302,10,2,0,""
36064,1100,9008,162662348684,10,2,0,""
36065,1100,9008,162662353149,10,2,0,""
36066,1100,9008,162662365942,10,0,0,""
36067,1100,9008,162662441922,10,1,3,""
36068,1100,9008,162662450198,10,2,3,""
36069,1100,9008,162662502785,10,0,3,""
36070,1100,9008,162662510581,10,0,3,""
36071,1100,9008,162662570568,10,1,5,""
36072,1100,9008,162662571781,10,0,5,""
36073,1100,9008,162740865749,1,0,0,""
36074,1100,9008,162741060020,1,0,0,""
36075,1100,9008,162741107881,1,1,0,""
36076,1100,9008,162741110680,1,2,0,""
36077,1100,9008,162749108002,2,2,0,""
36078,1100,9008,162772863656,2,2,0,""
36079,1100,9008,162772864352,2,0,0,""
36080,1100,9008,162772868994,2,2,0,""
36081,1100,9008,162772882185,2,2,2,""
36082,1100,9008,162772905078,2,1,0,""
36083,1100,9008,162772911128,2,1,0,""
36084,1100,9008,162772919066,2,1,0,""
8475,1104,8683,162981266344,1,2,0,""
8476,1104,8683,162981302263,2,0,0,"TYPE MISMATCH"
8477,1104,8683,162981321656,2,1,0,"TOO MANY ARGS"
8478,1104,8683,162981321946,2,0,0,""
35864,1100,8683,162981880234,8,2,0,""
35865,1100,8683,162981881292,8,2,0,"TYPE MISMATCH"
35866,1100,8683,162981889806,8,0,0,""
35867,1100,8683,162981898192,8,2,0,""
35868,1100,8683,162981904987,8,1,0,""
325,1102,11083,163109442637,4,1,2,""
9430,1103,9008,163110137589,5,1,0,""
9431,1103,9008,163110139448,5,1,0,"TYPE MISMATCH"
9432,1103,9008,163110152715,5,1,0,""
20570,1101,9008,163111224050,4,0,1,""
661,1100,11057,163144528885,11,1,0,""
12602,1102,5662,163446948852,1,1,0,"UNFINISHED LIST"
12603,1102,5662,163446956574,1,0,0,"UNFINISHED LIST"
12604,1102,5662,163447044624,1,2,0,""
8463,1104,5662,163447093753,3,1,0,""
8464,1104,5662,163447100294,3,2,0,""
8465,1104,5662,163447119481,3,2,0,""
35783,1100,3350,163455663886,1,0,0,""
35784,1100,3350,163455812810,1,0,0,""
35785,1100,3350,163455815049,1,2,0,""
35786,1100,3350,163455871384,1,0,0,""
35787,1100,3350,163455884163,1,0,0,""
35788,1100,3350,163455939477,1,2,0,""
35789,1100,3350,163455960316,1,0,0,""
35790,1100,3350,163455963892,1,1,0,""
35791,1100,3350,163456006910,1,1,0,""
35792,1100,3350,163456042544,1,2,0,"UNEXPECTED CAPITAL LETTER"
12700,1102,10625,163473191892,3,1,0,""
9492,1103,10625,163474158074,1,1,0,""
9493,1103,10625,163474163322,1,1,0,""
8530,1104,10625,163499815706,1,1,0,""
36085,1100,9008,163569800815,1,2,0,""
36086,1100,9008,163569844104,1,0,0,""
36087,1100,9008,163569850208,1,0,0,""
36088,1100,9008,163569855258,1,2,0,""
36089,1100,9008,163569873342,1,2,0,""
36090,1100,9008,163578189163,1,0,0,""
36091,1100,9008,163578247017,1,1,0,""
9433,1103,9008,163630169107,2,2,0,""
9434,1103,9008,163630213684,2,2,0,""
9435,1103,9008,163630216753,2,0,0,""
9436,1103,9008,163630241087,2,1,0,""
36092,1100,9008,163647468640,1,0,0,""
36093,1100,9008,163647471578,1,2,0,""
36094,1100,9008,163655914241,1,0,0,""
36095,1100,9008,163655934539,1,0,0,""
36096,1100,9008,163655942773,1,2,0,""
36097,1100,9008,163656015410,1,1,0,""
36098,1100,9008,163656061344,1,1,2,""
36099,1100,9008,163656136134,1,0,2,""
36100,1100,9008,163656138518,1,2,2,""
36101,1100,9008,163690461672,1,1,2,""
36102,1100,9008,163690476372,1,2,4,""
36103,1100,9008,163690645163,1,0,7,""
36104,1100,9008,163690651281,1,1,7,""
36105,1100,9008,163699105504,2,2,0,""
36106,1100,9008,163699153046,2,2,0,""
36107,1100,9008,163699157029,2,1,0,""
36108,1100,9008,163699163969,2,1,0,""
36109,1100,9008,163699174355,2,1,0,""
36110,1100,9008,163699174767,2,0,0,""
36111,1100,9008,163699221065,2,1,0,""
36112,1100,9008,163699298979,2,2,2,""
36113,1100,9008,163699304764,2,1,2,""
36114,1100,9008,163699320165,2,2,2,""
35793,1100,3350,163699337470,1,2,0,"UNFINISHED LIST"
20453,1101,3350,163699363634,1,2,0,""
20454,1101,3350,163699396632,1,0,0,"UNFINISHED LIST"
20455,1101,3350,163699414246,1,1,0,""
20456,1101,3350,163699428623,1,1,0,""
20457,1101,3350,163699436768,1,0,0,""
36115,1100,9008,163707804475,2,2,0,""
36116,1100,9008,163707834482,2,1,0,"MISSING EXPRESSION"
36117,1100,9008,163707846652,2,1,0,""
36118,1100,9008,163708005425,2,1,0,""
36119,1100,9008,163708047380,2,0,0,""
36120,1100,9008,163751013556,3,1,2,""
36121,1100,9008,163751019525,3,0,2,"TYPE MISMATCH"
36122,1100,9008,163751055051,3,2,2,""
36123,1100,9008,163751308260,3,0,2,""
12531,1102,3350,163759836373,2,1,0,""
12532,1102,3350,163759839666,2,2,0,""
12533,1102,3350,163759868530,2,2,0,"UNFINISHED LIST"
12534,1102,3350,163759886604,2,2,0,""
12535,1102,3350,163759899541,2,1,0,"NAMING ERROR"
12536,1102,3350,163759904980,2,0,0,"TYPE MISMATCH"
12537,1102,3350,163759927283,2,1,0,"TYPE MISMATCH"
36124,1100,9008,163768318523,3,1,2,"TYPE MISMATCH"
36125,1100,9008,163768351522,3,0,3,""
12671,1102,9008,163776966909,4,1,1,""
12672,1102,9008,163776969212,4,0,1,""
12673,1102,9008,163777226365,4,2,1,""
12674,1102,9008,163777239239,4,0,1,"TYPE MISMATCH"
12675,1102,9008,163777249725,4,0,1,"TYPE MISMATCH"
36126,1100,9008,163777637501,4,0,2,""
36127,1100,9008,163777651445,5,0,0,""
36128,1100,9008,163777679871,5,2,0,""
36129,1100,9008,163829206302,5,2,0,""
36130,1100,9008,163829209374,5,1,0,""
36131,1100,9008,163829259362,5,1,0,""
36132,1100,9008,163829311072,5,1,2,""
36133,1100,9008,163829430434,5,0,3,""
36134,1100,9008,163829432773,5,2,3,""
36135,1100,9008,163829437622,5,0,3,""
36136,1100,9008,163829465132,5,2,3,""
36147,1100,9427,163858936562,1,1,0,""
36148,1100,9427,163859015882,1,2,0,""
36149,1100,9427,163859169411,1,1,0,""
36150,1100,9427,163859191022,1,2,0,"UNFINISHED LIST"
36151,1100,9427,163859197483,1,1,0,""
36152,1100,9427,163859242075,1,2,0,""
36153,1100,9427,163859242724,1,2,0,""
36154,1100,9427,163859245255,1,0,0,""
36155,1100,9427,163859422427,1,0,0,""
36137,1100,9008,163948891896,3,2,0,""
20571,1101,9008,163948892361,4,1,1,""
12676,1102,9008,163948901189,2,2,0,""
12677,1102,9008,163948988883,2,2,0,""
12678,1102,9008,163949008491,2,0,0,""
12679,1102,9008,163949014223,2,0,0,""
12680,1102,9008,163949023276,2,0,0,""
12681,1102,9008,163949218266,2,2,1,""
12682,1102,9008,163983705513,2,1,2,""
12683,1102,9008,163983732965,2,2,2,""
12684,1102,9008,163983960216,2,1,2,""
36138,1100,9008,163995730576,1,0,0,""
36139,1100,9008,163995816281,1,2,1,""
36140,1100,9008,163995888732,2,1,1,""
36141,1100,9008,163995903292,2,2,1,""
36142,1100,9008,163995946875,2,1,1,""
36143,1100,9008,163995968256,2,1,1,"UNFINISHED LIST"
36144,1100,9008,163995968527,2,1,1,""
36145,1100,9008,163996031540,2,2,1,""
12685,1102,9008,164009468766,2,0,0,""
12686,1102,9008,164009555459,2,1,3,""
12687,1102,9008,164009606049,2,0,3,""
9437,1103,9008,164009985532,2,0,0,""
9438,1103,9008,164009994764,2,1,0,""
9439,1103,9008,164009995911,2,2,0,""
9440,1103,9008,164009996281,2,2,0,""
9441,1103,9008,164009997047,2,1,0,""
36156,1100,9427,164280272411,1,1,0,""
36157,1100,9427,164280282082,2,1,0,"UNEXPECTED EQUALS"
36158,1100,9427,164280293142,1,1,0,"NAMING ERROR"
36159,1100,9427,164280359381,1,2,0,""
36160,1100,9427,164280456504,1,2,0,""
35794,1100,3350,164303758880,8,1,1,""
35795,1100,3350,164303785674,8,1,1,""
35796,1100,3350,164303791386,8,2,1,"TYPE MISMATCH"
35797,1100,3350,164303850894,6,0,2,""
35798,1100,3350,164303939620,8,1,3,""
20458,1101,3350,164304334165,9,0,2,"MISSING EXPRESSION"
20459,1101,3350,164304346058,8,2,2,""
20460,1101,3350,164304355181,8,2,2,""
20461,1101,3350,164304366661,9,2,2,"UNEXPECTED COMMA"
36161,1100,9427,164315432307,2,0,0,"UNFINISHED DEFINITION"
36162,1100,9427,164315435378,2,2,0,"UNEXPECTED SQUARE BRACKET"
36163,1100,9427,164315445833,2,0,0,""
36164,1100,9427,164315584005,2,2,0,"UNFINISHED DEFINITION"
36165,1100,9427,164315584458,2,2,0,""
36166,1100,9427,164315897211,2,1,0,""
36167,1100,9427,164315899244,2,0,1,""
36168,1100,9427,164315906422,2,2,1,""
36169,1100,9427,164320408411,2,2,1,""
